region,region_index,region_voxels,patients_lesioned,load_threshold,probability,n_impaired,skipped,statistic,alpha,n_perm,fwe_in,fwe_out,fwe_sensitivity,fwe_fdp,fwe_centroid_shift_mm,fwe_median_outside_dist_mm,voxel_in,voxel_out,voxel_sensitivity,voxel_fdp,voxel_centroid_shift_mm,voxel_median_outside_dist_mm,top_region_correct,regions_significant,peak_in_region,peak_distance_mm,fwe_threshold
R57,9,150,173,0.25,1.0,0,True,,,,,,,,,,,,,,,,,,,,
R57,9,150,173,0.25,0.5,0,True,,,,,,,,,,,,,,,,,,,,
R57,9,150,173,0.5,1.0,0,True,,,,,,,,,,,,,,,,,,,,
R57,9,150,173,0.5,0.5,0,True,,,,,,,,,,,,,,,,,,,,
R57,9,150,173,0.75,1.0,0,True,,,,,,,,,,,,,,,,,,,,
R57,9,150,173,0.75,0.5,0,True,,,,,,,,,,,,,,,,,,,,
R48,8,147,178,0.25,1.0,0,True,,,,,,,,,,,,,,,,,,,,
R48,8,147,178,0.25,0.5,0,True,,,,,,,,,,,,,,,,,,,,
R48,8,147,178,0.5,1.0,0,True,,,,,,,,,,,,,,,,,,,,
R48,8,147,178,0.5,0.5,0,True,,,,,,,,,,,,,,,,,,,,
R48,8,147,178,0.75,1.0,0,True,,,,,,,,,,,,,,,,,,,,
R48,8,147,178,0.75,0.5,0,True,,,,,,,,,,,,,,,,,,,,
L20,3,179,198,0.25,1.0,64,False,pm3,0.05,1000.0,179.0,4246.0,1.0,0.9595480225988701,43.67185752595076,34.20526275297414,179.0,4246.0,1.0,0.9595480225988701,43.67185752595076,34.20526275297414,False,10.0,True,15.29038044877234,0.17210820317268372
L20,3,179,198,0.25,1.0,64,False,pm3,0.01,1000.0,179.0,4246.0,1.0,0.9595480225988701,43.67185752595076,34.20526275297414,179.0,4246.0,1.0,0.9595480225988701,43.67185752595076,34.20526275297414,False,10.0,True,15.29038044877234,0.20452424883842468
L20,3,179,198,0.25,1.0,64,False,pm3,0.001,1000.0,179.0,4243.0,1.0,0.959520578923564,43.666515885555235,34.20526275297414,179.0,4245.0,1.0,0.9595388788426763,43.67054089032479,34.20526275297414,False,10.0,True,15.29038044877234,0.22831156849861145
L20,3,179,198,0.25,1.0,64,False,partial_r,0.05,1000.0,1.0,59.0,0.00558659217877095,0.9833333333333333,74.23084013988722,61.84658438426491,1.0,60.0,0.00558659217877095,0.9836065573770492,74.21905852835543,61.84658438426491,False,2.0,True,15.29038044877234,0.15413889288902283
L20,3,179,198,0.25,1.0,64,False,partial_r,0.01,1000.0,1.0,53.0,0.00558659217877095,0.9814814814814815,74.18183759647458,61.91930232165088,1.0,60.0,0.00558659217877095,0.9836065573770492,74.21905852835543,61.84658438426491,False,2.0,True,15.29038044877234,0.17738990485668182
L20,3,179,198,0.25,1.0,64,False,partial_r,0.001,1000.0,1.0,45.0,0.00558659217877095,0.9782608695652174,74.14456670211158,62.56996084384263,1.0,60.0,0.00558659217877095,0.9836065573770492,74.21905852835543,61.84658438426491,False,2.0,True,15.29038044877234,0.19215987622737885
L20,3,179,198,0.25,1.0,64,False,ridge,0.05,1000.0,1.0,59.0,0.00558659217877095,0.9833333333333333,74.6957097909249,61.84658438426491,1.0,120.0,0.00558659217877095,0.9917355371900827,53.985592910645344,37.588176429996565,False,2.0,False,54.54042461595938,0.004186389657039439
L20,3,179,198,0.25,1.0,64,False,ridge,0.01,1000.0,1.0,59.0,0.00558659217877095,0.9833333333333333,74.6957097909249,61.84658438426491,1.0,59.0,0.00558659217877095,0.9833333333333333,74.6957097909249,61.84658438426491,False,2.0,False,54.54042461595938,0.005091227319983233
L20,3,179,198,0.25,1.0,64,False,ridge,0.001,1000.0,1.0,59.0,0.00558659217877095,0.9833333333333333,74.6957097909249,61.84658438426491,1.0,59.0,0.00558659217877095,0.9833333333333333,74.6957097909249,61.84658438426491,False,2.0,False,54.54042461595938,0.0068753685922889
L20,3,179,198,0.25,0.5,26,False,pm3,0.05,1000.0,115.0,1828.0,0.6424581005586593,0.9408131755018013,42.12613571424247,33.67491648096547,169.0,4026.0,0.9441340782122905,0.9597139451728248,43.34892339882032,34.07345007480164,False,10.0,True,15.29038044877234,0.2575716972351074
L20,3,179,198,0.25,0.5,26,False,pm3,0.01,1000.0,53.0,698.0,0.29608938547486036,0.929427430093209,42.4340382940713,34.85661103872124,155.0,3281.0,0.8659217877094972,0.9548894062863795,42.337589720115574,33.13608305156178,False,10.0,True,15.29038044877234,0.30822837352752686
L20,3,179,198,0.25,0.5,26,False,pm3,0.001,1000.0,1.0,49.0,0.00558659217877095,0.98,67.68423657784707,61.84658438426491,107.0,1646.0,0.5977653631284916,0.9389617798060468,40.32112488110765,31.176914536239792,False,4.0,True,15.29038044877234,0.4043152332305908
L20,3,179,198,0.25,0.5,26,False,partial_r,0.05,1000.0,1.0,0.0,0.00558659217877095,0.0,15.29038044877234,0.0,1.0,1.0,0.00558659217877095,0.5,46.55453442827885,63.85138996137829,True,1.0,True,15.29038044877234,0.15118855237960815
L20,3,179,198,0.25,0.5,26,False,partial_r,0.01,1000.0,1.0,0.0,0.00558659217877095,0.0,15.29038044877234,0.0,1.0,0.0,0.00558659217877095,0.0,15.29038044877234,0.0,True,1.0,True,15.29038044877234,0.1845240741968155
L20,3,179,198,0.25,0.5,26,False,partial_r,0.001,1000.0,0.0,0.0,0.0,,,,1.0,0.0,0.00558659217877095,0.0,15.29038044877234,0.0,False,0.0,True,15.29038044877234,0.2508905529975891
L20,3,179,198,0.25,0.5,26,False,ridge,0.05,1000.0,0.0,0.0,0.0,,,,0.0,0.0,0.0,,,,False,0.0,False,71.70843767757003,0.0009608554625957966
L20,3,179,198,0.25,0.5,26,False,ridge,0.01,1000.0,0.0,0.0,0.0,,,,0.0,0.0,0.0,,,,False,0.0,False,71.70843767757003,0.0011098955954245643
L20,3,179,198,0.25,0.5,26,False,ridge,0.001,1000.0,0.0,0.0,0.0,,,,0.0,0.0,0.0,,,,False,0.0,False,71.70843767757003,0.0017234636166998378
L20,3,179,198,0.5,1.0,23,False,pm3,0.05,1000.0,179.0,4246.0,1.0,0.9595480225988701,43.67185752595076,34.20526275297414,179.0,4246.0,1.0,0.9595480225988701,43.67185752595076,34.20526275297414,False,10.0,False,73.6405176074722,0.26652097702026367
L20,3,179,198,0.5,1.0,23,False,pm3,0.01,1000.0,179.0,4246.0,1.0,0.9595480225988701,43.67185752595076,34.20526275297414,179.0,4246.0,1.0,0.9595480225988701,43.67185752595076,34.20526275297414,False,10.0,False,73.6405176074722,0.3361464738845825
L20,3,179,198,0.5,1.0,23,False,pm3,0.001,1000.0,178.0,4217.0,0.994413407821229,0.9594994311717862,43.728067556302996,34.336569426778794,179.0,4243.0,1.0,0.959520578923564,43.685042399044505,34.336569426778794,False,10.0,False,73.6405176074722,0.4317685067653656
L20,3,179,198,0.5,1.0,23,False,partial_r,0.05,1000.0,0.0,0.0,0.0,,,,0.0,3.0,0.0,1.0,75.575788541376,60.96720429870473,False,0.0,False,73.6405176074722,0.15362626314163208
L20,3,179,198,0.5,1.0,23,False,partial_r,0.01,1000.0,0.0,0.0,0.0,,,,0.0,1.0,0.0,1.0,73.6405176074722,58.557663887829406,False,0.0,False,73.6405176074722,0.17977012693881989
L20,3,179,198,0.5,1.0,23,False,partial_r,0.001,1000.0,0.0,0.0,0.0,,,,0.0,0.0,0.0,,,,False,0.0,False,73.6405176074722,0.20239920914173126
L20,3,179,198,0.5,1.0,23,False,ridge,0.05,1000.0,0.0,0.0,0.0,,,,54.0,259.0,0.3016759776536313,0.8274760383386581,33.46611711438605,31.464265445104548,False,0.0,False,24.761569322330587,0.0016309839210734713
L20,3,179,198,0.5,1.0,23,False,ridge,0.01,1000.0,0.0,0.0,0.0,,,,10.0,36.0,0.055865921787709494,0.782608695652174,29.295542261223076,5.598076211353316,False,0.0,False,24.761569322330587,0.0020461621665280078
L20,3,179,198,0.5,1.0,23,False,ridge,0.001,1000.0,0.0,0.0,0.0,,,,0.0,0.0,0.0,,,,False,0.0,False,24.761569322330587,0.002972619357623529
L20,3,179,198,0.5,0.5,13,False,pm3,0.05,1000.0,178.0,4229.0,0.994413407821229,0.9596097118221012,43.62789582644608,34.20526275297414,179.0,4246.0,1.0,0.9595480225988701,43.67185752595076,34.20526275297414,False,10.0,False,73.6405176074722,0.37151098251342773
L20,3,179,198,0.5,0.5,13,False,pm3,0.01,1000.0,173.0,3952.0,0.9664804469273743,0.9580606060606061,43.22134870316471,34.07345007480164,179.0,4240.0,1.0,0.9594930979859697,43.64629087027042,34.20526275297414,False,10.0,False,73.6405176074722,0.4637662470340729
L20,3,179,198,0.5,0.5,13,False,pm3,0.001,1000.0,132.0,2833.0,0.7374301675977654,0.9554806070826307,42.974548593123664,34.20526275297414,177.0,4073.0,0.9888268156424581,0.9583529411764706,43.194312618943364,34.07345007480164,False,10.0,False,73.6405176074722,0.5628358125686646
L20,3,179,198,0.5,0.5,13,False,partial_r,0.05,1000.0,0.0,0.0,0.0,,,,1.0,17.0,0.00558659217877095,0.9444444444444444,60.74392379239145,58.9406481131655,False,0.0,False,73.6405176074722,0.15931552648544312
L20,3,179,198,0.5,0.5,13,False,partial_r,0.01,1000.0,0.0,0.0,0.0,,,,1.0,1.0,0.00558659217877095,0.5,44.194012986855036,58.557663887829406,False,0.0,False,73.6405176074722,0.17771150171756744
L20,3,179,198,0.5,0.5,13,False,partial_r,0.001,1000.0,0.0,0.0,0.0,,,,0.0,0.0,0.0,,,,False,0.0,False,73.6405176074722,0.25008484721183777
L20,3,179,198,0.5,0.5,13,False,ridge,0.05,1000.0,0.0,0.0,0.0,,,,0.0,0.0,0.0,,,,False,0.0,False,62.005252213616174,9.023931555589507e-05
L20,3,179,198,0.5,0.5,13,False,ridge,0.01,1000.0,0.0,0.0,0.0,,,,0.0,0.0,0.0,,,,False,0.0,False,62.005252213616174,0.00010247722358272773
L20,3,179,198,0.5,0.5,13,False,ridge,0.001,1000.0,0.0,0.0,0.0,,,,0.0,0.0,0.0,,,,False,0.0,False,62.005252213616174,0.00015269325438477103
L20,3,179,198,0.75,1.0,10,False,pm3,0.05,1000.0,179.0,4172.0,1.0,0.9588600321765112,43.889402865903755,34.46737587922817,179.0,4245.0,1.0,0.9595388788426763,43.67674153359975,34.20526275297414,False,10.0,False,69.88908152657056,0.4220339059829712
L20,3,179,198,0.75,1.0,10,False,pm3,0.01,1000.0,172.0,3919.0,0.9608938547486033,0.957956489855781,44.29692182397476,35.11409973215888,179.0,4216.0,1.0,0.9592718998862344,43.73846328301343,34.336569426778794,False,10.0,False,69.88908152657056,0.4779661297798157
L20,3,179,198,0.75,1.0,10,False,pm3,0.001,1000.0,169.0,3624.0,0.9441340782122905,0.955444239388347,44.37024329172405,35.62302626111375,175.0,4031.0,0.9776536312849162,0.9583927722301474,44.05178588666407,34.72751070837067,False,10.0,False,69.88908152657056,0.5474576354026794
L20,3,179,198,0.75,1.0,10,False,partial_r,0.05,1000.0,0.0,0.0,0.0,,,,0.0,0.0,0.0,,,,False,0.0,False,74.11016213166113,0.15384696424007416
L20,3,179,198,0.75,1.0,10,False,partial_r,0.01,1000.0,0.0,0.0,0.0,,,,0.0,0.0,0.0,,,,False,0.0,False,74.11016213166113,0.180581197142601
L20,3,179,198,0.75,1.0,10,False,partial_r,0.001,1000.0,0.0,0.0,0.0,,,,0.0,0.0,0.0,,,,False,0.0,False,74.11016213166113,0.2244696319103241
L20,3,179,198,0.75,1.0,10,False,ridge,0.05,1000.0,22.0,2.0,0.12290502793296089,0.08333333333333333,15.109649982091565,3.0,33.0,297.0,0.18435754189944134,0.9,40.01733061794236,34.597687784012386,True,2.0,False,22.259835009835818,0.002181935437526631
L20,3,179,198,0.75,1.0,10,False,ridge,0.01,1000.0,0.0,0.0,0.0,,,,23.0,88.0,0.12849162011173185,0.7927927927927928,31.385802975176084,19.209372712298546,False,0.0,False,22.259835009835818,0.002591029885907724
L20,3,179,198,0.75,1.0,10,False,ridge,0.001,1000.0,0.0,0.0,0.0,,,,23.0,55.0,0.12849162011173185,0.7051282051282052,22.652112446142585,13.076696830622021,False,0.0,False,22.259835009835818,0.004041014149635035
L20,3,179,198,0.75,0.5,6,False,pm3,0.05,1000.0,163.0,3486.0,0.9106145251396648,0.955330227459578,44.717098626616234,35.749125863438955,178.0,4170.0,0.994413407821229,0.9590616375344986,43.81682480322087,34.336569426778794,False,10.0,False,54.54042461595938,0.5269360542297363
L20,3,179,198,0.75,0.5,6,False,pm3,0.01,1000.0,147.0,2249.0,0.8212290502793296,0.9386477462437396,42.76573842012039,34.20526275297414,175.0,3787.0,0.9776536312849162,0.9558303886925795,43.95791069341826,34.72751070837067,False,10.0,False,54.54042461595938,0.6767676472663879
L20,3,179,198,0.75,0.5,6,False,pm3,0.001,1000.0,96.0,1210.0,0.5363128491620112,0.9264931087289433,42.82489088668631,36.24913792078372,135.0,2550.0,0.7541899441340782,0.9497206703910615,43.740988762117496,35.369478367654786,False,10.0,False,54.54042461595938,0.7154881954193115
L20,3,179,198,0.75,0.5,6,False,partial_r,0.05,1000.0,0.0,0.0,0.0,,,,0.0,0.0,0.0,,,,False,0.0,False,74.11016213166113,0.16646167635917664
L20,3,179,198,0.75,0.5,6,False,partial_r,0.01,1000.0,0.0,0.0,0.0,,,,0.0,0.0,0.0,,,,False,0.0,False,74.11016213166113,0.19221463799476624
L20,3,179,198,0.75,0.5,6,False,partial_r,0.001,1000.0,0.0,0.0,0.0,,,,0.0,0.0,0.0,,,,False,0.0,False,74.11016213166113,0.25134310126304626
L20,3,179,198,0.75,0.5,6,False,ridge,0.05,1000.0,0.0,0.0,0.0,,,,0.0,113.0,0.0,1.0,46.085518251525876,38.18376618407357,False,0.0,False,59.57507313936233,0.0005098506943018014
L20,3,179,198,0.75,0.5,6,False,ridge,0.01,1000.0,0.0,0.0,0.0,,,,0.0,0.0,0.0,,,,False,0.0,False,59.57507313936233,0.0006472725706143903
L20,3,179,198,0.75,0.5,6,False,ridge,0.001,1000.0,0.0,0.0,0.0,,,,0.0,0.0,0.0,,,,False,0.0,False,59.57507313936233,0.0008269530307588275
L29,7,175,209,0.25,1.0,67,False,pm3,0.05,1000.0,175.0,4250.0,1.0,0.96045197740113,45.421350275947525,33.67491648096547,175.0,4250.0,1.0,0.96045197740113,45.421350275947525,33.67491648096547,False,10.0,False,23.04625187854549,0.16896754503250122
L29,7,175,209,0.25,1.0,67,False,pm3,0.01,1000.0,175.0,4250.0,1.0,0.96045197740113,45.421350275947525,33.67491648096547,175.0,4250.0,1.0,0.96045197740113,45.421350275947525,33.67491648096547,False,10.0,False,23.04625187854549,0.2027386575937271
L29,7,175,209,0.25,1.0,67,False,pm3,0.001,1000.0,175.0,4240.0,1.0,0.9603624009060022,45.413219663711565,33.67491648096547,175.0,4250.0,1.0,0.96045197740113,45.421350275947525,33.67491648096547,False,10.0,False,23.04625187854549,0.24922293424606323
L29,7,175,209,0.25,1.0,67,False,partial_r,0.05,1000.0,47.0,14.0,0.26857142857142857,0.22950819672131148,13.377254030010995,4.242640687119285,47.0,14.0,0.26857142857142857,0.22950819672131148,13.377254030010995,4.242640687119285,True,2.0,True,13.26322583854262,0.15683689713478088
L29,7,175,209,0.25,1.0,67,False,partial_r,0.01,1000.0,47.0,14.0,0.26857142857142857,0.22950819672131148,13.377254030010995,4.242640687119285,47.0,14.0,0.26857142857142857,0.22950819672131148,13.377254030010995,4.242640687119285,True,2.0,True,13.26322583854262,0.18374794721603394
L29,7,175,209,0.25,1.0,67,False,partial_r,0.001,1000.0,47.0,14.0,0.26857142857142857,0.22950819672131148,13.377254030010995,4.242640687119285,47.0,14.0,0.26857142857142857,0.22950819672131148,13.377254030010995,4.242640687119285,True,2.0,True,13.26322583854262,0.20800113677978516
L29,7,175,209,0.25,1.0,67,False,ridge,0.05,1000.0,46.0,14.0,0.26285714285714284,0.23333333333333334,13.878321514072981,4.242640687119285,62.0,19.0,0.35428571428571426,0.2345679012345679,6.069100793454985,4.242640687119285,True,2.0,True,18.6299820519947,0.04096975906396681
L29,7,175,209,0.25,1.0,67,False,ridge,0.01,1000.0,46.0,14.0,0.26285714285714284,0.23333333333333334,13.878321514072981,4.242640687119285,46.0,14.0,0.26285714285714284,0.23333333333333334,13.878321514072981,4.242640687119285,True,2.0,True,18.6299820519947,0.047500063142629737
L29,7,175,209,0.25,1.0,67,False,ridge,0.001,1000.0,46.0,14.0,0.26285714285714284,0.23333333333333334,13.878321514072981,4.242640687119285,46.0,14.0,0.26285714285714284,0.23333333333333334,13.878321514072981,4.242640687119285,True,2.0,True,18.6299820519947,0.05583029521694816
L29,7,175,209,0.25,0.5,40,False,pm3,0.05,1000.0,175.0,4195.0,1.0,0.959954233409611,45.420882873731905,34.07345007480164,175.0,4250.0,1.0,0.96045197740113,45.421350275947525,33.67491648096547,False,10.0,False,23.04625187854549,0.21250000596046448
L29,7,175,209,0.25,0.5,40,False,pm3,0.01,1000.0,173.0,4058.0,0.9885714285714285,0.9591113212006618,45.47823905810616,34.20526275297414,175.0,4247.0,1.0,0.9604251469923112,45.42460632389871,33.67491648096547,False,10.0,False,23.04625187854549,0.25
L29,7,175,209,0.25,0.5,40,False,pm3,0.001,1000.0,141.0,2969.0,0.8057142857142857,0.9546623794212219,45.461604250323994,35.24202037341219,175.0,4121.0,1.0,0.9592644320297952,45.280974753133144,33.67491648096547,False,10.0,False,23.04625187854549,0.3125
L29,7,175,209,0.25,0.5,40,False,partial_r,0.05,1000.0,47.0,13.0,0.26857142857142857,0.21666666666666667,14.24800152577633,4.242640687119285,47.0,14.0,0.26857142857142857,0.22950819672131148,13.377254030010995,4.242640687119285,True,1.0,False,21.44035513521362,0.1558285355567932
L29,7,175,209,0.25,0.5,40,False,partial_r,0.01,1000.0,47.0,13.0,0.26857142857142857,0.21666666666666667,14.24800152577633,4.242640687119285,47.0,13.0,0.26857142857142857,0.21666666666666667,14.24800152577633,4.242640687119285,True,1.0,False,21.44035513521362,0.18021759390830994
L29,7,175,209,0.25,0.5,40,False,partial_r,0.001,1000.0,47.0,13.0,0.26857142857142857,0.21666666666666667,14.24800152577633,4.242640687119285,47.0,13.0,0.26857142857142857,0.21666666666666667,14.24800152577633,4.242640687119285,True,1.0,False,21.44035513521362,0.22956600785255432
L29,7,175,209,0.25,0.5,40,False,ridge,0.05,1000.0,46.0,14.0,0.26285714285714284,0.23333333333333334,13.878321514072981,4.242640687119285,46.0,401.0,0.26285714285714284,0.8970917225950783,40.298192064035405,33.54101966249684,True,2.0,True,18.6299820519947,0.013994685478770832
L29,7,175,209,0.25,0.5,40,False,ridge,0.01,1000.0,46.0,14.0,0.26285714285714284,0.23333333333333334,13.878321514072981,4.242640687119285,46.0,163.0,0.26285714285714284,0.7799043062200957,38.05324358156072,34.07345007480164,True,2.0,True,18.6299820519947,0.01629199658192622
L29,7,175,209,0.25,0.5,40,False,ridge,0.001,1000.0,46.0,14.0,0.26285714285714284,0.23333333333333334,13.878321514072981,4.242640687119285,46.0,14.0,0.26285714285714284,0.23333333333333334,13.878321514072981,4.242640687119285,True,2.0,True,18.6299820519947,0.02017250923412258
L29,7,175,209,0.5,1.0,52,False,pm3,0.05,1000.0,175.0,4250.0,1.0,0.96045197740113,45.421350275947525,33.67491648096547,175.0,4250.0,1.0,0.96045197740113,45.421350275947525,33.67491648096547,False,10.0,True,19.380557223624834,0.18921954929828644
L29,7,175,209,0.5,1.0,52,False,pm3,0.01,1000.0,175.0,4250.0,1.0,0.96045197740113,45.421350275947525,33.67491648096547,175.0,4250.0,1.0,0.96045197740113,45.421350275947525,33.67491648096547,False,10.0,True,19.380557223624834,0.22768108546733856
L29,7,175,209,0.5,1.0,52,False,pm3,0.001,1000.0,175.0,4250.0,1.0,0.96045197740113,45.421350275947525,33.67491648096547,175.0,4250.0,1.0,0.96045197740113,45.421350275947525,33.67491648096547,False,10.0,True,19.380557223624834,0.27161705493927
L29,7,175,209,0.5,1.0,52,False,partial_r,0.05,1000.0,47.0,14.0,0.26857142857142857,0.22950819672131148,13.377254030010995,4.242640687119285,47.0,14.0,0.26857142857142857,0.22950819672131148,13.377254030010995,4.242640687119285,True,2.0,True,15.816608390325541,0.15615586936473846
L29,7,175,209,0.5,1.0,52,False,partial_r,0.01,1000.0,47.0,14.0,0.26857142857142857,0.22950819672131148,13.377254030010995,4.242640687119285,47.0,14.0,0.26857142857142857,0.22950819672131148,13.377254030010995,4.242640687119285,True,2.0,True,15.816608390325541,0.18037286400794983
L29,7,175,209,0.5,1.0,52,False,partial_r,0.001,1000.0,47.0,14.0,0.26857142857142857,0.22950819672131148,13.377254030010995,4.242640687119285,47.0,14.0,0.26857142857142857,0.22950819672131148,13.377254030010995,4.242640687119285,True,2.0,True,15.816608390325541,0.21269379556179047
L29,7,175,209,0.5,1.0,52,False,ridge,0.05,1000.0,46.0,14.0,0.26285714285714284,0.23333333333333334,13.878321514072981,4.242640687119285,93.0,265.0,0.5314285714285715,0.7402234636871509,39.80915745985883,45.4972526643093,True,2.0,True,18.6299820519947,0.027170859809673112
L29,7,175,209,0.5,1.0,52,False,ridge,0.01,1000.0,46.0,14.0,0.26285714285714284,0.23333333333333334,13.878321514072981,4.242640687119285,62.0,19.0,0.35428571428571426,0.2345679012345679,6.069100793454985,4.242640687119285,True,2.0,True,18.6299820519947,0.030447950954763856
L29,7,175,209,0.5,1.0,52,False,ridge,0.001,1000.0,46.0,14.0,0.26285714285714284,0.23333333333333334,13.878321514072981,4.242640687119285,46.0,14.0,0.26285714285714284,0.23333333333333334,13.878321514072981,4.242640687119285,True,2.0,True,18.6299820519947,0.0369506214537982
L29,7,175,209,0.5,0.5,26,False,pm3,0.05,1000.0,175.0,4128.0,1.0,0.9593306995119684,45.508086927669616,34.07345007480164,175.0,4249.0,1.0,0.9604430379746836,45.421412319830566,33.67491648096547,False,10.0,True,15.307133235608642,0.25917983055114746
L29,7,175,209,0.5,0.5,26,False,pm3,0.01,1000.0,166.0,3583.0,0.9485714285714286,0.9557215257401974,45.262839150192455,34.336569426778794,175.0,4237.0,1.0,0.9603354487760652,45.420025989120255,33.67491648096547,False,10.0,True,15.307133235608642,0.31171268224716187
L29,7,175,209,0.5,0.5,26,False,pm3,0.001,1000.0,129.0,1746.0,0.7371428571428571,0.9312,43.74502908981339,36.124783736376884,173.0,3871.0,0.9885714285714285,0.9572205736894164,45.689024475357876,34.336569426778794,False,10.0,True,15.307133235608642,0.3973465859889984
L29,7,175,209,0.5,0.5,26,False,partial_r,0.05,1000.0,47.0,14.0,0.26857142857142857,0.22950819672131148,13.377254030010995,4.242640687119285,47.0,15.0,0.26857142857142857,0.24193548387096775,12.73863153949718,4.242640687119285,True,2.0,True,14.579624346944751,0.15412408113479614
L29,7,175,209,0.5,0.5,26,False,partial_r,0.01,1000.0,47.0,14.0,0.26857142857142857,0.22950819672131148,13.377254030010995,4.242640687119285,47.0,14.0,0.26857142857142857,0.22950819672131148,13.377254030010995,4.242640687119285,True,2.0,True,14.579624346944751,0.1759779006242752
L29,7,175,209,0.5,0.5,26,False,partial_r,0.001,1000.0,47.0,13.0,0.26857142857142857,0.21666666666666667,14.24800152577633,4.242640687119285,47.0,14.0,0.26857142857142857,0.22950819672131148,13.377254030010995,4.242640687119285,True,1.0,True,14.579624346944751,0.20705102384090424
L29,7,175,209,0.5,0.5,26,False,ridge,0.05,1000.0,46.0,14.0,0.26285714285714284,0.23333333333333334,13.878321514072981,4.242640687119285,93.0,405.0,0.5314285714285715,0.8132530120481928,36.769655991860574,33.67491648096547,True,2.0,True,18.6299820519947,0.011916151025888052
L29,7,175,209,0.5,0.5,26,False,ridge,0.01,1000.0,46.0,14.0,0.26285714285714284,0.23333333333333334,13.878321514072981,4.242640687119285,77.0,203.0,0.44,0.725,32.7840691197199,33.54101966249684,True,2.0,True,18.6299820519947,0.01377206407587575
L29,7,175,209,0.5,0.5,26,False,ridge,0.001,1000.0,46.0,14.0,0.26285714285714284,0.23333333333333334,13.878321514072981,4.242640687119285,46.0,14.0,0.26285714285714284,0.23333333333333334,13.878321514072981,4.242640687119285,True,2.0,True,18.6299820519947,0.017442527166203658
L29,7,175,209,0.75,1.0,19,False,pm3,0.05,1000.0,175.0,4246.0,1.0,0.960416195430898,45.41716847883148,33.67491648096547,175.0,4250.0,1.0,0.96045197740113,45.421350275947525,33.67491648096547,False,10.0,True,18.6299820519947,0.3084518611431122
L29,7,175,209,0.75,1.0,19,False,pm3,0.01,1000.0,175.0,4180.0,1.0,0.9598163030998852,45.39392698551234,33.67491648096547,175.0,4250.0,1.0,0.96045197740113,45.421350275947525,33.67491648096547,False,10.0,True,18.6299820519947,0.3782951533794403
L29,7,175,209,0.75,1.0,19,False,pm3,0.001,1000.0,175.0,3743.0,1.0,0.9553343542623788,45.0961491452697,33.67491648096547,175.0,4178.0,1.0,0.9597978405697221,45.35911325257727,33.67491648096547,False,10.0,True,18.6299820519947,0.4412537217140198
L29,7,175,209,0.75,1.0,19,False,partial_r,0.05,1000.0,47.0,13.0,0.26857142857142857,0.21666666666666667,14.24800152577633,4.242640687119285,73.0,201.0,0.41714285714285715,0.7335766423357665,29.471545407007394,24.73863375370596,True,1.0,True,19.304882143407287,0.15914857387542725
L29,7,175,209,0.75,1.0,19,False,partial_r,0.01,1000.0,47.0,13.0,0.26857142857142857,0.21666666666666667,14.24800152577633,4.242640687119285,52.0,27.0,0.29714285714285715,0.34177215189873417,8.454346719605262,9.0,True,1.0,True,19.304882143407287,0.18128642439842224
L29,7,175,209,0.75,1.0,19,False,partial_r,0.001,1000.0,47.0,13.0,0.26857142857142857,0.21666666666666667,14.24800152577633,4.242640687119285,47.0,13.0,0.26857142857142857,0.21666666666666667,14.24800152577633,4.242640687119285,True,1.0,True,19.304882143407287,0.20758144557476044
L29,7,175,209,0.75,1.0,19,False,ridge,0.05,1000.0,46.0,30.0,0.26285714285714284,0.39473684210526316,9.32798411059595,26.393572430074304,109.0,705.0,0.6228571428571429,0.8660933660933661,38.945260456502524,29.086079144497972,True,4.0,True,18.6299820519947,0.010684953051782825
L29,7,175,209,0.75,1.0,19,False,ridge,0.01,1000.0,46.0,14.0,0.26285714285714284,0.23333333333333334,13.878321514072981,4.242640687119285,93.0,399.0,0.5314285714285715,0.8109756097560976,39.13434401334042,29.086079144497972,True,2.0,True,18.6299820519947,0.012197614788158742
L29,7,175,209,0.75,1.0,19,False,ridge,0.001,1000.0,46.0,14.0,0.26285714285714284,0.23333333333333334,13.878321514072981,4.242640687119285,46.0,50.0,0.26285714285714284,0.5208333333333334,12.512146529053004,28.85212759350317,True,2.0,True,18.6299820519947,0.015271377860962145
L29,7,175,209,0.75,0.5,11,False,pm3,0.05,1000.0,175.0,3142.0,1.0,0.9472414832680133,46.105674423905896,35.049905550615335,175.0,4144.0,1.0,0.9594813614262561,45.45937212618218,33.67491648096547,False,10.0,True,18.6299820519947,0.3994443714618683
L29,7,175,209,0.75,0.5,11,False,pm3,0.01,1000.0,113.0,1842.0,0.6457142857142857,0.9421994884910486,46.45913004963552,35.11409973215888,175.0,3677.0,1.0,0.9545690550363447,45.81481275913534,34.20526275297414,False,10.0,True,18.6299820519947,0.49205124378204346
L29,7,175,209,0.75,0.5,11,False,pm3,0.001,1000.0,57.0,543.0,0.32571428571428573,0.905,50.93157632020048,41.677331968349414,108.0,2234.0,0.6171428571428571,0.9538855678906917,46.62482418241896,34.72751070837067,False,10.0,True,18.6299820519947,0.5812625885009766
L29,7,175,209,0.75,0.5,11,False,partial_r,0.05,1000.0,47.0,14.0,0.26857142857142857,0.22950819672131148,13.377254030010995,4.242640687119285,89.0,1118.0,0.5085714285714286,0.9262634631317316,45.460951632303946,34.336569426778794,True,2.0,True,16.821587060177528,0.1511716991662979
L29,7,175,209,0.75,0.5,11,False,partial_r,0.01,1000.0,47.0,14.0,0.26857142857142857,0.22950819672131148,13.377254030010995,4.242640687119285,49.0,175.0,0.28,0.78125,41.853612427507706,47.05316142407437,True,2.0,True,16.821587060177528,0.20045386254787445
L29,7,175,209,0.75,0.5,11,False,partial_r,0.001,1000.0,47.0,13.0,0.26857142857142857,0.21666666666666667,14.24800152577633,4.242640687119285,47.0,14.0,0.26857142857142857,0.22950819672131148,13.377254030010995,4.242640687119285,True,1.0,True,16.821587060177528,0.23324589431285858
L29,7,175,209,0.75,0.5,11,False,ridge,0.05,1000.0,46.0,14.0,0.26285714285714284,0.23333333333333334,13.878321514072981,4.242640687119285,65.0,676.0,0.37142857142857144,0.9122807017543859,41.99459352934073,34.72751070837067,True,2.0,True,18.6299820519947,0.013322735588600048
L29,7,175,209,0.75,0.5,11,False,ridge,0.01,1000.0,46.0,14.0,0.26285714285714284,0.23333333333333334,13.878321514072981,4.242640687119285,63.0,186.0,0.36,0.7469879518072289,30.79023908371106,25.631409961921797,True,2.0,True,18.6299820519947,0.015727691814019854
L29,7,175,209,0.75,0.5,11,False,ridge,0.001,1000.0,46.0,14.0,0.26285714285714284,0.23333333333333334,13.878321514072981,4.242640687119285,46.0,14.0,0.26285714285714284,0.23333333333333334,13.878321514072981,4.242640687119285,True,2.0,True,18.6299820519947,0.02192582356811132
L14,0,296,216,0.25,1.0,89,False,pm3,0.05,1000.0,296.0,4129.0,1.0,0.9331073446327683,34.684784638180865,24.73863375370596,296.0,4129.0,1.0,0.9331073446327683,34.684784638180865,24.73863375370596,False,10.0,True,8.62491887426726,0.1468150019645691
L14,0,296,216,0.25,1.0,89,False,pm3,0.01,1000.0,296.0,4129.0,1.0,0.9331073446327683,34.684784638180865,24.73863375370596,296.0,4129.0,1.0,0.9331073446327683,34.684784638180865,24.73863375370596,False,10.0,True,8.62491887426726,0.17080409824848175
L14,0,296,216,0.25,1.0,89,False,pm3,0.001,1000.0,296.0,4123.0,1.0,0.9330165195745643,34.62497315315628,24.55605831561735,296.0,4129.0,1.0,0.9331073446327683,34.684784638180865,24.73863375370596,False,10.0,True,8.62491887426726,0.19175884127616882
L14,0,296,216,0.25,1.0,89,False,partial_r,0.05,1000.0,296.0,2065.0,1.0,0.8746293943244388,21.827088183426792,15.0,296.0,2340.0,1.0,0.8877086494688923,23.37903804365923,15.442757904449126,False,8.0,True,10.224466041991054,0.15178684890270233
L14,0,296,216,0.25,1.0,89,False,partial_r,0.01,1000.0,296.0,1883.0,1.0,0.8641578705828362,21.3242506735265,14.071247279470288,296.0,2260.0,1.0,0.8841940532081377,22.55939854483045,15.297058540778355,False,8.0,True,10.224466041991054,0.17739813029766083
L14,0,296,216,0.25,1.0,89,False,partial_r,0.001,1000.0,296.0,1430.0,1.0,0.828505214368482,20.153286427523547,12.36931687685298,296.0,2136.0,1.0,0.8782894736842105,22.040914463435094,15.0,False,8.0,True,10.224466041991054,0.2213057279586792
L14,0,296,216,0.25,1.0,89,False,ridge,0.05,1000.0,68.0,11.0,0.22972972972972974,0.13924050632911392,10.277570940415936,3.0,243.0,400.0,0.8209459459459459,0.6220839813374806,21.546631595017068,18.0,True,2.0,True,11.456506979086797,0.018262744853458242
L14,0,296,216,0.25,1.0,89,False,ridge,0.01,1000.0,68.0,11.0,0.22972972972972974,0.13924050632911392,10.277570940415936,3.0,237.0,98.0,0.8006756756756757,0.29253731343283584,11.182025906458543,4.242640687119285,True,2.0,True,11.456506979086797,0.02125182051394608
L14,0,296,216,0.25,1.0,89,False,ridge,0.001,1000.0,0.0,0.0,0.0,,,,102.0,14.0,0.34459459459459457,0.1206896551724138,8.773491282212497,3.0,False,0.0,True,11.456506979086797,0.026078378955950554
L14,0,296,216,0.25,0.5,36,False,pm3,0.05,1000.0,296.0,3435.0,1.0,0.920664701152506,31.404186025552054,21.840329667841555,296.0,4113.0,1.0,0.9328645951462917,34.59670048649533,24.55605831561735,False,10.0,True,15.084525433417042,0.22281323373317719
L14,0,296,216,0.25,0.5,36,False,pm3,0.01,1000.0,296.0,2461.0,1.0,0.8926369241929634,25.503481698453754,16.431676725154983,296.0,3962.0,1.0,0.9304837952090184,34.0294663764653,24.372115213907882,False,10.0,True,15.084525433417042,0.27600473165512085
L14,0,296,216,0.25,0.5,36,False,pm3,0.001,1000.0,287.0,1724.0,0.9695945945945946,0.8572849328692193,21.380522540251345,14.696938456699069,296.0,2909.0,1.0,0.9076443057722309,28.55614945982936,18.973665961010276,False,9.0,True,15.084525433417042,0.32801419496536255
L14,0,296,216,0.25,0.5,36,False,partial_r,0.05,1000.0,211.0,366.0,0.7128378378378378,0.634315424610052,17.65191337027551,8.48528137423857,268.0,1091.0,0.9054054054054054,0.8027961736571008,19.70124666419518,12.36931687685298,False,5.0,True,15.084525433417042,0.15347586572170258
L14,0,296,216,0.25,0.5,36,False,partial_r,0.01,1000.0,119.0,131.0,0.40202702702702703,0.524,15.736910390136284,6.708203932499369,266.0,839.0,0.8986486486486487,0.7592760180995475,19.687728076973805,10.816653826391969,True,5.0,True,15.084525433417042,0.17969539761543274
L14,0,296,216,0.25,0.5,36,False,partial_r,0.001,1000.0,35.0,14.0,0.11824324324324324,0.2857142857142857,12.845745230227848,4.5,217.0,523.0,0.7331081081081081,0.7067567567567568,19.262252160494004,9.0,True,4.0,True,15.084525433417042,0.21205461025238037
L14,0,296,216,0.25,0.5,36,False,ridge,0.05,1000.0,54.0,0.0,0.18243243243243243,0.0,10.249623836277257,0.0,265.0,586.0,0.8952702702702703,0.6886016451233843,17.42203879925935,9.486832980505138,True,1.0,True,13.317873193524214,0.002885107277782363
L14,0,296,216,0.25,0.5,36,False,ridge,0.01,1000.0,0.0,0.0,0.0,,,,177.0,320.0,0.597972972972973,0.6438631790744467,16.991838301540177,6.708203932499369,False,0.0,True,13.317873193524214,0.0038396374628650093
L14,0,296,216,0.25,0.5,36,False,ridge,0.001,1000.0,0.0,0.0,0.0,,,,42.0,12.0,0.14189189189189189,0.2222222222222222,12.586592465767868,3.0,False,0.0,True,13.317873193524214,0.0044238645448698285
L14,0,296,216,0.5,1.0,19,False,pm3,0.05,1000.0,294.0,4057.0,0.9932432432432432,0.9324293265915882,34.80755823302342,24.919871588754223,296.0,4129.0,1.0,0.9331073446327683,34.684784638180865,24.73863375370596,False,10.0,False,88.44025957527134,0.30401304364204407
L14,0,296,216,0.5,1.0,19,False,pm3,0.01,1000.0,284.0,3772.0,0.9594594594594594,0.9299802761341223,34.6990850993646,25.099800796022265,296.0,4112.0,1.0,0.9328493647912885,34.706506009017794,24.73863375370596,False,10.0,False,88.44025957527134,0.3714104890823364
L14,0,296,216,0.5,1.0,19,False,pm3,0.001,1000.0,192.0,2248.0,0.6486486486486487,0.921311475409836,34.29010436777482,25.80697580112788,286.0,3800.0,0.9662162162162162,0.9300048947626041,34.36009383894798,24.919871588754223,False,10.0,False,88.44025957527134,0.47667360305786133
L14,0,296,216,0.5,1.0,19,False,partial_r,0.05,1000.0,0.0,0.0,0.0,,,,0.0,0.0,0.0,,,,False,0.0,False,55.24748534072386,0.15329672396183014
L14,0,296,216,0.5,1.0,19,False,partial_r,0.01,1000.0,0.0,0.0,0.0,,,,0.0,0.0,0.0,,,,False,0.0,False,55.24748534072386,0.1778486967086792
L14,0,296,216,0.5,1.0,19,False,partial_r,0.001,1000.0,0.0,0.0,0.0,,,,0.0,0.0,0.0,,,,False,0.0,False,55.24748534072386,0.20835547149181366
L14,0,296,216,0.5,1.0,19,False,ridge,0.05,1000.0,0.0,0.0,0.0,,,,0.0,264.0,0.0,1.0,33.773714849494446,27.0,False,0.0,False,32.88040981172606,0.008749521653345044
L14,0,296,216,0.5,1.0,19,False,ridge,0.01,1000.0,0.0,0.0,0.0,,,,0.0,94.0,0.0,1.0,37.24669871460209,26.06593448165212,False,0.0,False,32.88040981172606,0.01005177252341662
L14,0,296,216,0.5,1.0,19,False,ridge,0.001,1000.0,0.0,0.0,0.0,,,,0.0,0.0,0.0,,,,False,0.0,False,32.88040981172606,0.011919383206226139
L14,0,296,216,0.5,0.5,5,False,pm3,0.05,1000.0,134.0,2377.0,0.4527027027027027,0.9466348068498606,36.10123137838215,26.324893162176366,260.0,3561.0,0.8783783783783784,0.9319549856058623,34.88113122950084,24.919871588754223,False,10.0,False,98.48296855489744,0.5042017102241516
L14,0,296,216,0.5,0.5,5,False,pm3,0.01,1000.0,43.0,940.0,0.14527027027027026,0.9562563580874873,39.514275143195945,27.820855486487112,134.0,2365.0,0.4527027027027027,0.9463785514205683,36.22785695789047,26.324893162176366,False,10.0,False,98.48296855489744,0.6773109436035156
L14,0,296,216,0.5,0.5,5,False,pm3,0.001,1000.0,0.0,37.0,0.0,1.0,42.063842617283655,24.372115213907882,41.0,732.0,0.13851351351351351,0.9469598965071151,33.85547249654643,23.62202362203543,False,5.0,False,98.48296855489744,0.875630259513855
L14,0,296,216,0.5,0.5,5,False,partial_r,0.05,1000.0,0.0,0.0,0.0,,,,0.0,0.0,0.0,,,,False,0.0,False,42.812324106323835,0.15636682510375977
L14,0,296,216,0.5,0.5,5,False,partial_r,0.01,1000.0,0.0,0.0,0.0,,,,0.0,0.0,0.0,,,,False,0.0,False,42.812324106323835,0.18657368421554565
L14,0,296,216,0.5,0.5,5,False,partial_r,0.001,1000.0,0.0,0.0,0.0,,,,0.0,0.0,0.0,,,,False,0.0,False,42.812324106323835,0.22367434203624725
L14,0,296,216,0.5,0.5,5,False,ridge,0.05,1000.0,0.0,0.0,0.0,,,,55.0,946.0,0.1858108108108108,0.945054945054945,35.28629267173874,25.45584412271571,False,0.0,False,28.249587116025232,0.0044940979886173025
L14,0,296,216,0.5,0.5,5,False,ridge,0.01,1000.0,0.0,0.0,0.0,,,,0.0,264.0,0.0,1.0,34.85771206303192,24.372115213907882,False,0.0,False,28.249587116025232,0.005497299370652402
L14,0,296,216,0.5,0.5,5,False,ridge,0.001,1000.0,0.0,0.0,0.0,,,,0.0,95.0,0.0,1.0,34.86528908066454,18.49324200890693,False,0.0,False,28.249587116025232,0.00683376181192837
L14,0,296,216,0.75,1.0,6,False,pm3,0.05,1000.0,255.0,2655.0,0.8614864864864865,0.9123711340206185,33.810167201020455,25.80697580112788,295.0,3794.0,0.9966216216216216,0.9278552213255075,34.648319569290905,25.099800796022265,False,10.0,False,98.48296855489744,0.5252525806427002
L14,0,296,216,0.75,1.0,6,False,pm3,0.01,1000.0,252.0,1601.0,0.8513513513513513,0.8640043173232596,29.360322691996323,21.42428528562855,288.0,3177.0,0.972972972972973,0.9168831168831169,34.04783940119793,25.45584412271571,False,10.0,False,98.48296855489744,0.6700336337089539
L14,0,296,216,0.75,1.0,6,False,pm3,0.001,1000.0,160.0,584.0,0.5405405405405406,0.7849462365591398,29.530283928401975,27.65863337187866,224.0,1485.0,0.7567567567567568,0.868929198361615,29.864730163427105,23.62202362203543,True,10.0,False,98.48296855489744,0.7070707082748413
L14,0,296,216,0.75,1.0,6,False,partial_r,0.05,1000.0,0.0,0.0,0.0,,,,0.0,0.0,0.0,,,,False,0.0,False,45.53394484050522,0.1586589515209198
L14,0,296,216,0.75,1.0,6,False,partial_r,0.01,1000.0,0.0,0.0,0.0,,,,0.0,0.0,0.0,,,,False,0.0,False,45.53394484050522,0.1874469518661499
L14,0,296,216,0.75,1.0,6,False,partial_r,0.001,1000.0,0.0,0.0,0.0,,,,0.0,0.0,0.0,,,,False,0.0,False,45.53394484050522,0.20933163166046143
L14,0,296,216,0.75,1.0,6,False,ridge,0.05,1000.0,0.0,0.0,0.0,,,,141.0,154.0,0.47635135135135137,0.5220338983050847,19.20569804735141,28.30194339616981,False,0.0,False,51.320177549056346,0.0012594594328478583
L14,0,296,216,0.75,1.0,6,False,ridge,0.01,1000.0,0.0,0.0,0.0,,,,49.0,54.0,0.16554054054054054,0.5242718446601942,21.22694417982597,26.91640786499874,False,0.0,False,51.320177549056346,0.0016535201515656803
L14,0,296,216,0.75,1.0,6,False,ridge,0.001,1000.0,0.0,0.0,0.0,,,,0.0,0.0,0.0,,,,False,0.0,False,51.320177549056346,0.0019197316901768395
L14,0,296,216,0.75,0.5,5,False,pm3,0.05,1000.0,262.0,2544.0,0.8851351351351351,0.9066286528866714,33.767844566464014,25.98076211353316,295.0,3687.0,0.9966216216216216,0.9259166248116525,34.73021994347257,25.632011235952593,False,10.0,False,98.48296855489744,0.5025210380554199
L14,0,296,216,0.75,0.5,5,False,pm3,0.01,1000.0,166.0,666.0,0.5608108108108109,0.8004807692307693,29.12655083308346,26.324893162176366,262.0,2562.0,0.8851351351351351,0.9072237960339944,34.1494122102517,26.324893162176366,False,10.0,False,98.48296855489744,0.6705882549285889
L14,0,296,216,0.75,0.5,5,False,pm3,0.001,1000.0,82.0,309.0,0.27702702702702703,0.7902813299232737,21.147004836401525,18.24828759089466,169.0,821.0,0.5709459459459459,0.8292929292929293,28.476564957729906,25.45584412271571,False,9.0,False,98.48296855489744,0.8453781604766846
L14,0,296,216,0.75,0.5,5,False,partial_r,0.05,1000.0,0.0,0.0,0.0,,,,0.0,0.0,0.0,,,,False,0.0,False,45.53394484050522,0.15693193674087524
L14,0,296,216,0.75,0.5,5,False,partial_r,0.01,1000.0,0.0,0.0,0.0,,,,0.0,0.0,0.0,,,,False,0.0,False,45.53394484050522,0.18598207831382751
L14,0,296,216,0.75,0.5,5,False,partial_r,0.001,1000.0,0.0,0.0,0.0,,,,0.0,0.0,0.0,,,,False,0.0,False,45.53394484050522,0.22246697545051575
L14,0,296,216,0.75,0.5,5,False,ridge,0.05,1000.0,0.0,0.0,0.0,,,,150.0,378.0,0.5067567567567568,0.7159090909090909,24.700633780930744,25.45584412271571,False,0.0,True,15.756914911557427,0.0019734630494963774
L14,0,296,216,0.75,0.5,5,False,ridge,0.01,1000.0,0.0,0.0,0.0,,,,49.0,63.0,0.16554054054054054,0.5625,24.826928361733327,30.298514815086232,False,0.0,True,15.756914911557427,0.002516502155713897
L14,0,296,216,0.75,0.5,5,False,ridge,0.001,1000.0,0.0,0.0,0.0,,,,0.0,0.0,0.0,,,,False,0.0,True,15.756914911557427,0.002934594905793314
L17,2,527,254,0.25,1.0,106,False,pm3,0.05,1000.0,527.0,3898.0,1.0,0.8809039548022599,22.403833874385665,18.24828759089466,527.0,3898.0,1.0,0.8809039548022599,22.403833874385665,18.24828759089466,False,10.0,True,8.359321120897484,0.14265526831150055
L17,2,527,254,0.25,1.0,106,False,pm3,0.01,1000.0,527.0,3898.0,1.0,0.8809039548022599,22.403833874385665,18.24828759089466,527.0,3898.0,1.0,0.8809039548022599,22.403833874385665,18.24828759089466,False,10.0,True,8.359321120897484,0.1696203500032425
L17,2,527,254,0.25,1.0,106,False,pm3,0.001,1000.0,527.0,3898.0,1.0,0.8809039548022599,22.403833874385665,18.24828759089466,527.0,3898.0,1.0,0.8809039548022599,22.403833874385665,18.24828759089466,False,10.0,True,8.359321120897484,0.19322434067726135
L17,2,527,254,0.25,1.0,106,False,partial_r,0.05,1000.0,492.0,3207.0,0.9335863377609108,0.8669910786699108,20.88494767076859,17.233687939614086,527.0,3837.0,1.0,0.8792392300641613,22.155470916577187,18.0,False,10.0,True,4.753349345913135,0.15001901984214783
L17,2,527,254,0.25,1.0,106,False,partial_r,0.01,1000.0,465.0,2528.0,0.8823529411764706,0.8446374874707652,20.123557664902364,16.431676725154983,527.0,3804.0,1.0,0.8783190948972524,22.05175453119084,18.0,False,10.0,True,4.753349345913135,0.17933543026447296
L17,2,527,254,0.25,1.0,106,False,partial_r,0.001,1000.0,457.0,2231.0,0.8671726755218216,0.8299851190476191,20.371136496381947,16.15549442140351,499.0,3348.0,0.9468690702087287,0.8702885365219651,20.885780690716008,17.233687939614086,False,10.0,True,4.753349345913135,0.2023298591375351
L17,2,527,254,0.25,1.0,106,False,ridge,0.05,1000.0,248.0,19.0,0.47058823529411764,0.07116104868913857,3.3600217610220016,3.0,414.0,125.0,0.7855787476280834,0.23191094619666047,2.480747825846778,4.242640687119285,True,4.0,True,8.84690323437889,0.013478406572686445
L17,2,527,254,0.25,1.0,106,False,ridge,0.01,1000.0,149.0,3.0,0.2827324478178368,0.019736842105263157,4.096261267793151,3.0,349.0,37.0,0.6622390891840607,0.09585492227979274,2.553063650284416,3.0,True,2.0,True,8.84690323437889,0.01598161830375836
L17,2,527,254,0.25,1.0,106,False,ridge,0.001,1000.0,0.0,0.0,0.0,,,,294.0,28.0,0.5578747628083491,0.08695652173913043,1.4992425781914116,3.0,False,0.0,True,8.84690323437889,0.027793804830181117
L17,2,527,254,0.25,0.5,54,False,pm3,0.05,1000.0,527.0,3892.0,1.0,0.8807422493776873,22.38458354989007,18.24828759089466,527.0,3898.0,1.0,0.8809039548022599,22.403833874385665,18.24828759089466,False,10.0,True,3.5207722934011607,0.1866096705198288
L17,2,527,254,0.25,0.5,54,False,pm3,0.01,1000.0,527.0,3874.0,1.0,0.8802544876164508,22.31504888771099,18.24828759089466,527.0,3898.0,1.0,0.8809039548022599,22.403833874385665,18.24828759089466,False,10.0,True,3.5207722934011607,0.22364671528339386
L17,2,527,254,0.25,0.5,54,False,pm3,0.001,1000.0,525.0,3841.0,0.9962049335863378,0.8797526339899221,22.20187251222117,18.0,527.0,3898.0,1.0,0.8809039548022599,22.403833874385665,18.24828759089466,False,10.0,True,3.5207722934011607,0.2698412835597992
L17,2,527,254,0.25,0.5,54,False,partial_r,0.05,1000.0,457.0,2227.0,0.8671726755218216,0.8297317436661699,20.784937731722902,16.431676725154983,482.0,3572.0,0.9146110056925996,0.8811050814010853,21.954951945612123,18.0,False,9.0,True,3.5207722934011607,0.1580752730369568
L17,2,527,254,0.25,0.5,54,False,partial_r,0.01,1000.0,457.0,2092.0,0.8671726755218216,0.82071400549235,20.60945554419587,16.15549442140351,463.0,3142.0,0.8785578747628083,0.8715672676837726,21.44444053045896,17.74823934929885,False,9.0,True,3.5207722934011607,0.17789018154144287
L17,2,527,254,0.25,0.5,54,False,partial_r,0.001,1000.0,452.0,1903.0,0.857685009487666,0.808067940552017,20.00290775677238,16.15549442140351,457.0,2528.0,0.8671726755218216,0.8469011725293132,20.826554155900013,17.233687939614086,False,8.0,True,3.5207722934011607,0.20999614894390106
L17,2,527,254,0.25,0.5,54,False,ridge,0.05,1000.0,287.0,76.0,0.5445920303605313,0.209366391184573,7.584068005487783,6.708203932499369,327.0,609.0,0.6204933586337761,0.6506410256410257,14.947193889309498,13.74772708486752,True,7.0,False,16.448987943826577,0.005449269200271793
L17,2,527,254,0.25,0.5,54,False,ridge,0.01,1000.0,41.0,3.0,0.0777988614800759,0.06818181818181818,7.0132954937758765,3.0,313.0,230.0,0.5939278937381404,0.42357274401473294,10.838978866707594,12.36931687685298,True,2.0,False,16.448987943826577,0.007883502318127709
L17,2,527,254,0.25,0.5,54,False,ridge,0.001,1000.0,17.0,3.0,0.03225806451612903,0.15,14.798850911329234,3.0,312.0,135.0,0.5920303605313093,0.30201342281879195,8.97828102764919,9.9498743710662,True,2.0,False,16.448987943826577,0.00924371471445546
L17,2,527,254,0.5,1.0,53,False,pm3,0.05,1000.0,527.0,3898.0,1.0,0.8809039548022599,22.403833874385665,18.24828759089466,527.0,3898.0,1.0,0.8809039548022599,22.403833874385665,18.24828759089466,False,10.0,True,7.4039143765136215,0.18481597304344177
L17,2,527,254,0.5,1.0,53,False,pm3,0.01,1000.0,527.0,3898.0,1.0,0.8809039548022599,22.403833874385665,18.24828759089466,527.0,3898.0,1.0,0.8809039548022599,22.403833874385665,18.24828759089466,False,10.0,True,7.4039143765136215,0.21830913424491882
L17,2,527,254,0.5,1.0,53,False,pm3,0.001,1000.0,527.0,3898.0,1.0,0.8809039548022599,22.403833874385665,18.24828759089466,527.0,3898.0,1.0,0.8809039548022599,22.403833874385665,18.24828759089466,False,10.0,True,7.4039143765136215,0.25487220287323
L17,2,527,254,0.5,1.0,53,False,partial_r,0.05,1000.0,514.0,2370.0,0.9753320683111955,0.8217753120665742,20.191569129445984,16.97056274847714,527.0,3721.0,1.0,0.8759416195856874,21.867473496793437,18.0,False,10.0,True,8.294143865801,0.15132029354572296
L17,2,527,254,0.5,1.0,53,False,partial_r,0.01,1000.0,500.0,2144.0,0.9487666034155597,0.81089258698941,20.110837351353144,16.431676725154983,526.0,3352.0,0.9981024667931688,0.8643630737493554,21.15545192085642,17.74823934929885,False,10.0,True,8.294143865801,0.17555579543113708
L17,2,527,254,0.5,1.0,53,False,partial_r,0.001,1000.0,471.0,1869.0,0.8937381404174574,0.7987179487179488,19.371747200355617,15.588457268119896,517.0,2581.0,0.9810246679316889,0.8331181407359587,20.34883492884126,17.233687939614086,False,8.0,True,8.294143865801,0.21196851134300232
L17,2,527,254,0.5,1.0,53,False,ridge,0.05,1000.0,250.0,41.0,0.47438330170777987,0.140893470790378,3.0149657828712018,3.0,448.0,405.0,0.8500948766603416,0.47479484173505276,11.951439956445633,17.233687939614086,True,3.0,True,9.875931778660439,0.01008987561350335
L17,2,527,254,0.5,1.0,53,False,ridge,0.01,1000.0,173.0,6.0,0.32827324478178366,0.0335195530726257,3.7476489696512574,3.0,363.0,196.0,0.6888045540796964,0.35062611806797855,7.565917908362211,6.708203932499369,True,3.0,True,9.875931778660439,0.011933702771388364
L17,2,527,254,0.5,1.0,53,False,ridge,0.001,1000.0,43.0,0.0,0.08159392789373814,0.0,8.207039949088037,0.0,344.0,130.0,0.6527514231499051,0.2742616033755274,5.165309225995917,5.598076211353316,True,1.0,True,9.875931778660439,0.0163700978088018
L17,2,527,254,0.5,0.5,30,False,pm3,0.05,1000.0,527.0,3898.0,1.0,0.8809039548022599,22.403833874385665,18.24828759089466,527.0,3898.0,1.0,0.8809039548022599,22.403833874385665,18.24828759089466,False,10.0,True,11.219099756710717,0.2438596487045288
L17,2,527,254,0.5,0.5,30,False,pm3,0.01,1000.0,527.0,3898.0,1.0,0.8809039548022599,22.403833874385665,18.24828759089466,527.0,3898.0,1.0,0.8809039548022599,22.403833874385665,18.24828759089466,False,10.0,True,11.219099756710717,0.2982456088066101
L17,2,527,254,0.5,0.5,30,False,pm3,0.001,1000.0,527.0,3898.0,1.0,0.8809039548022599,22.403833874385665,18.24828759089466,527.0,3898.0,1.0,0.8809039548022599,22.403833874385665,18.24828759089466,False,10.0,True,11.219099756710717,0.37017548084259033
L17,2,527,254,0.5,0.5,30,False,partial_r,0.05,1000.0,456.0,585.0,0.8652751423149905,0.5619596541786743,12.906746848679656,16.15549442140351,526.0,2730.0,0.9981024667931688,0.8384520884520884,20.54009687183983,18.49324200890693,True,9.0,True,7.607280191621745,0.15197229385375977
L17,2,527,254,0.5,0.5,30,False,partial_r,0.01,1000.0,419.0,167.0,0.7950664136622391,0.28498293515358364,7.8721940077941825,13.74772708486752,510.0,1813.0,0.967741935483871,0.7804563065002152,18.531788268487364,18.24828759089466,True,8.0,True,7.607280191621745,0.18327970802783966
L17,2,527,254,0.5,0.5,30,False,partial_r,0.001,1000.0,380.0,53.0,0.7210626185958254,0.12240184757505773,4.304755939445526,4.242640687119285,474.0,633.0,0.8994307400379506,0.5718157181571816,13.06318613209042,16.15549442140351,True,7.0,True,7.607280191621745,0.2071252167224884
L17,2,527,254,0.5,0.5,30,False,ridge,0.05,1000.0,159.0,36.0,0.301707779886148,0.18461538461538463,8.609209906200142,21.318744360612488,435.0,600.0,0.825426944971537,0.5797101449275363,17.566391492513016,21.213203435596427,True,4.0,True,15.654445588640625,0.005775078451739386
L17,2,527,254,0.5,0.5,30,False,ridge,0.01,1000.0,90.0,35.0,0.17077798861480076,0.28,12.232963417099382,21.42428528562855,343.0,199.0,0.650853889943074,0.3671586715867159,11.181999126392077,21.213203435596427,True,4.0,True,15.654445588640625,0.006598093483610398
L17,2,527,254,0.5,0.5,30,False,ridge,0.001,1000.0,32.0,0.0,0.06072106261859583,0.0,9.349303191050513,0.0,188.0,78.0,0.3567362428842505,0.2932330827067669,7.680211556564773,20.12461179749811,True,1.0,True,15.654445588640625,0.008121212144609855
L17,2,527,254,0.75,1.0,8,False,pm3,0.05,1000.0,525.0,3755.0,0.9962049335863378,0.8773364485981309,22.262854041580763,18.49324200890693,527.0,3878.0,1.0,0.8803632236095347,22.403846239264688,18.24828759089466,False,10.0,False,80.77371679562089,0.46621620655059814
L17,2,527,254,0.75,1.0,8,False,pm3,0.01,1000.0,515.0,3487.0,0.9772296015180265,0.8713143428285857,22.31123924978528,18.49324200890693,525.0,3794.0,0.9962049335863378,0.8784440842787682,22.39793941129466,18.49324200890693,False,10.0,False,80.77371679562089,0.5084459781646729
L17,2,527,254,0.75,1.0,8,False,pm3,0.001,1000.0,476.0,2323.0,0.9032258064516129,0.8299392640228653,20.935467144281965,18.0,513.0,3289.0,0.9734345351043643,0.8650710152551289,22.138163281588838,18.49324200890693,False,10.0,False,80.77371679562089,0.6976351141929626
L17,2,527,254,0.75,1.0,8,False,partial_r,0.05,1000.0,0.0,0.0,0.0,,,,0.0,0.0,0.0,,,,False,0.0,False,63.52387560764337,0.1569288820028305
L17,2,527,254,0.75,1.0,8,False,partial_r,0.01,1000.0,0.0,0.0,0.0,,,,0.0,0.0,0.0,,,,False,0.0,False,63.52387560764337,0.1894351989030838
L17,2,527,254,0.75,1.0,8,False,partial_r,0.001,1000.0,0.0,0.0,0.0,,,,0.0,0.0,0.0,,,,False,0.0,False,63.52387560764337,0.2358289510011673
L17,2,527,254,0.75,1.0,8,False,ridge,0.05,1000.0,0.0,0.0,0.0,,,,137.0,295.0,0.25996204933586337,0.6828703703703703,16.578810234709103,15.0,False,0.0,False,17.73879031284509,0.0020491112335195927
L17,2,527,254,0.75,1.0,8,False,ridge,0.01,1000.0,0.0,0.0,0.0,,,,25.0,16.0,0.04743833017077799,0.3902439024390244,14.539182903143091,3.0,False,0.0,False,17.73879031284509,0.002454393438193608
L17,2,527,254,0.75,1.0,8,False,ridge,0.001,1000.0,0.0,0.0,0.0,,,,0.0,0.0,0.0,,,,False,0.0,False,17.73879031284509,0.004386950910848721
L17,2,527,254,0.75,0.5,6,False,pm3,0.05,1000.0,521.0,3130.0,0.9886148007590133,0.8572993700356066,20.797962327504067,18.24828759089466,525.0,3782.0,0.9962049335863378,0.8781054097980032,22.243239958387488,18.24828759089466,False,10.0,False,80.77371679562089,0.5218855142593384
L17,2,527,254,0.75,0.5,6,False,pm3,0.01,1000.0,490.0,2359.0,0.9297912713472486,0.828009828009828,19.840911946436684,18.24828759089466,522.0,3398.0,0.9905123339658444,0.8668367346938776,21.28082232277166,18.0,False,10.0,False,80.77371679562089,0.6683501601219177
L17,2,527,254,0.75,0.5,6,False,pm3,0.001,1000.0,358.0,617.0,0.6793168880455408,0.6328205128205128,15.39845024283912,17.4928556845359,436.0,1591.0,0.8273244781783681,0.7849037987173162,18.78703492451586,18.0,True,10.0,False,80.77371679562089,0.8400673270225525
L17,2,527,254,0.75,0.5,6,False,partial_r,0.05,1000.0,0.0,0.0,0.0,,,,0.0,0.0,0.0,,,,False,0.0,False,63.52387560764337,0.1612066924571991
L17,2,527,254,0.75,0.5,6,False,partial_r,0.01,1000.0,0.0,0.0,0.0,,,,0.0,0.0,0.0,,,,False,0.0,False,63.52387560764337,0.19136878848075867
L17,2,527,254,0.75,0.5,6,False,partial_r,0.001,1000.0,0.0,0.0,0.0,,,,0.0,0.0,0.0,,,,False,0.0,False,63.52387560764337,0.23482610285282135
L17,2,527,254,0.75,0.5,6,False,ridge,0.05,1000.0,0.0,0.0,0.0,,,,91.0,351.0,0.17267552182163187,0.7941176470588235,22.594771551236228,19.8997487421324,False,0.0,False,17.73879031284509,0.002082775955068082
L17,2,527,254,0.75,0.5,6,False,ridge,0.01,1000.0,0.0,0.0,0.0,,,,12.0,13.0,0.022770398481973434,0.52,17.985202134906313,3.0,False,0.0,False,17.73879031284509,0.002830100511209121
L17,2,527,254,0.75,0.5,6,False,ridge,0.001,1000.0,0.0,0.0,0.0,,,,0.0,0.0,0.0,,,,False,0.0,False,17.73879031284509,0.004253842052865456
L23,5,906,254,0.25,1.0,145,False,pm3,0.05,1000.0,906.0,3519.0,1.0,0.7952542372881356,16.82073133933545,15.588457268119896,906.0,3519.0,1.0,0.7952542372881356,16.82073133933545,15.588457268119896,True,10.0,True,7.385498575748735,0.12421371042728424
L23,5,906,254,0.25,1.0,145,False,pm3,0.01,1000.0,906.0,3519.0,1.0,0.7952542372881356,16.82073133933545,15.588457268119896,906.0,3519.0,1.0,0.7952542372881356,16.82073133933545,15.588457268119896,True,10.0,True,7.385498575748735,0.15058733522891998
L23,5,906,254,0.25,1.0,145,False,pm3,0.001,1000.0,906.0,3496.0,1.0,0.7941844616083599,17.023296438069373,15.588457268119896,906.0,3519.0,1.0,0.7952542372881356,16.82073133933545,15.588457268119896,True,10.0,True,7.385498575748735,0.17847667634487152
L23,5,906,254,0.25,1.0,145,False,partial_r,0.05,1000.0,900.0,2210.0,0.9933774834437086,0.7106109324758842,11.924676936728725,11.224972160321824,906.0,3444.0,1.0,0.7917241379310345,17.31685392045715,15.297058540778355,True,10.0,True,5.349289311962821,0.1523084044456482
L23,5,906,254,0.25,1.0,145,False,partial_r,0.01,1000.0,885.0,1383.0,0.9768211920529801,0.6097883597883598,6.595432631637554,7.3484692283495345,906.0,3313.0,1.0,0.7852571699454847,16.858227595284692,15.297058540778355,True,9.0,True,5.349289311962821,0.17902354896068573
L23,5,906,254,0.25,1.0,145,False,partial_r,0.001,1000.0,872.0,985.0,0.9624724061810155,0.5304254173397954,6.302356960750022,6.708203932499369,902.0,2508.0,0.9955849889624724,0.7354838709677419,13.565209350422817,12.36931687685298,True,8.0,True,5.349289311962821,0.20890577137470245
L23,5,906,254,0.25,1.0,145,False,ridge,0.05,1000.0,46.0,0.0,0.05077262693156733,0.0,9.971095423326965,0.0,472.0,223.0,0.5209713024282561,0.320863309352518,2.985914109124694,4.242640687119285,True,1.0,True,16.630850644894345,0.016069499633750886
L23,5,906,254,0.25,1.0,145,False,ridge,0.01,1000.0,46.0,0.0,0.05077262693156733,0.0,9.971095423326965,0.0,224.0,56.0,0.24724061810154527,0.2,4.444289639355741,3.0,True,1.0,True,16.630850644894345,0.018051797211881618
L23,5,906,254,0.25,1.0,145,False,ridge,0.001,1000.0,0.0,0.0,0.0,,,,111.0,6.0,0.12251655629139073,0.05128205128205128,8.250286669799735,3.0,False,0.0,True,16.630850644894345,0.022619242829486238
L23,5,906,254,0.25,0.5,73,False,pm3,0.05,1000.0,906.0,3468.0,1.0,0.7928669410150891,17.288952101399488,15.297058540778355,906.0,3519.0,1.0,0.7952542372881356,16.82073133933545,15.588457268119896,True,10.0,True,8.182996443635119,0.16557925939559937
L23,5,906,254,0.25,0.5,73,False,pm3,0.01,1000.0,906.0,3456.0,1.0,0.7922971114167813,17.369218576152345,15.297058540778355,906.0,3515.0,1.0,0.7950689889165348,16.852037671596058,15.588457268119896,True,10.0,True,8.182996443635119,0.19825322926044464
L23,5,906,254,0.25,0.5,73,False,pm3,0.001,1000.0,906.0,3362.0,1.0,0.7877225866916588,17.090583880965276,15.297058540778355,906.0,3494.0,1.0,0.7940909090909091,17.041191617678496,15.588457268119896,True,10.0,True,8.182996443635119,0.23472227156162262
L23,5,906,254,0.25,0.5,73,False,partial_r,0.05,1000.0,881.0,1248.0,0.9724061810154525,0.5861906998590888,6.5704346618507845,7.3484692283495345,906.0,3254.0,1.0,0.7822115384615385,16.728165536980946,15.0,True,10.0,True,8.182996443635119,0.1513291597366333
L23,5,906,254,0.25,0.5,73,False,partial_r,0.01,1000.0,872.0,1013.0,0.9624724061810155,0.5374005305039787,6.110431759128522,6.708203932499369,901.0,2715.0,0.9944812362030905,0.7508296460176991,14.681581459126278,13.416407864998739,True,9.0,True,8.182996443635119,0.1761268824338913
L23,5,906,254,0.25,0.5,73,False,partial_r,0.001,1000.0,863.0,935.0,0.9525386313465783,0.5200222469410456,6.436997586070273,6.0,886.0,1640.0,0.977924944812362,0.6492478226444972,9.21349967842609,9.486832980505138,True,8.0,True,8.182996443635119,0.214987650513649
L23,5,906,254,0.25,0.5,73,False,ridge,0.05,1000.0,419.0,210.0,0.4624724061810154,0.3338632750397456,6.613940106921226,6.0,683.0,757.0,0.7538631346578366,0.5256944444444445,7.61141610506524,6.708203932499369,True,5.0,True,10.544157272097342,0.004016310711653205
L23,5,906,254,0.25,0.5,73,False,ridge,0.01,1000.0,282.0,110.0,0.31125827814569534,0.28061224489795916,5.721648561576326,6.708203932499369,571.0,436.0,0.630242825607064,0.4329692154915591,8.537517537591494,6.0,True,5.0,True,10.544157272097342,0.004887241376709634
L23,5,906,254,0.25,0.5,73,False,ridge,0.001,1000.0,23.0,0.0,0.025386313465783666,0.0,10.830992502332066,0.0,495.0,264.0,0.5463576158940397,0.34782608695652173,6.210219619068112,4.242640687119285,True,1.0,True,10.544157272097342,0.007497277182109531
L23,5,906,254,0.5,1.0,105,False,pm3,0.05,1000.0,906.0,3519.0,1.0,0.7952542372881356,16.82073133933545,15.588457268119896,906.0,3519.0,1.0,0.7952542372881356,16.82073133933545,15.588457268119896,True,10.0,True,8.165433367781144,0.1428571492433548
L23,5,906,254,0.5,1.0,105,False,pm3,0.01,1000.0,906.0,3519.0,1.0,0.7952542372881356,16.82073133933545,15.588457268119896,906.0,3519.0,1.0,0.7952542372881356,16.82073133933545,15.588457268119896,True,10.0,True,8.165433367781144,0.16969698667526245
L23,5,906,254,0.5,1.0,105,False,pm3,0.001,1000.0,906.0,3519.0,1.0,0.7952542372881356,16.82073133933545,15.588457268119896,906.0,3519.0,1.0,0.7952542372881356,16.82073133933545,15.588457268119896,True,10.0,True,8.165433367781144,0.19134199619293213
L23,5,906,254,0.5,1.0,105,False,partial_r,0.05,1000.0,906.0,3329.0,1.0,0.7860684769775679,16.892394374742928,15.297058540778355,906.0,3458.0,1.0,0.7923923006416131,17.375024644172022,15.297058540778355,True,10.0,True,8.165433367781144,0.15302631258964539
L23,5,906,254,0.5,1.0,105,False,partial_r,0.01,1000.0,906.0,3179.0,1.0,0.7782129742962056,16.346086483549612,15.0,906.0,3458.0,1.0,0.7923923006416131,17.375024644172022,15.297058540778355,True,10.0,True,8.165433367781144,0.17456170916557312
L23,5,906,254,0.5,1.0,105,False,partial_r,0.001,1000.0,900.0,1988.0,0.9933774834437086,0.6883656509695291,10.912226400742096,10.816653826391969,906.0,3385.0,1.0,0.7888604054998835,17.097558783957258,15.297058540778355,True,10.0,True,8.165433367781144,0.23593927919864655
L23,5,906,254,0.5,1.0,105,False,ridge,0.05,1000.0,16.0,0.0,0.017660044150110375,0.0,15.488192857371677,0.0,492.0,194.0,0.543046357615894,0.282798833819242,2.816599249736872,4.242640687119285,True,1.0,True,18.36001480576288,0.014015366397897674
L23,5,906,254,0.5,1.0,105,False,ridge,0.01,1000.0,0.0,0.0,0.0,,,,307.0,103.0,0.33885209713024284,0.25121951219512195,3.4434753644216545,4.242640687119285,False,0.0,True,18.36001480576288,0.01698502438272108
L23,5,906,254,0.5,1.0,105,False,ridge,0.001,1000.0,0.0,0.0,0.0,,,,65.0,0.0,0.0717439293598234,0.0,8.145584421391145,0.0,False,0.0,True,18.36001480576288,0.019641068649393613
L23,5,906,254,0.5,0.5,52,False,pm3,0.05,1000.0,906.0,3518.0,1.0,0.7952079566003617,16.827989324344465,15.588457268119896,906.0,3519.0,1.0,0.7952542372881356,16.82073133933545,15.588457268119896,True,10.0,False,18.999766676642167,0.19020213186740875
L23,5,906,254,0.5,0.5,52,False,pm3,0.01,1000.0,906.0,3517.0,1.0,0.7951616549853041,16.836738603220397,15.588457268119896,906.0,3519.0,1.0,0.7952542372881356,16.82073133933545,15.588457268119896,True,10.0,False,18.999766676642167,0.22038181126117706
L23,5,906,254,0.5,0.5,52,False,pm3,0.001,1000.0,906.0,3462.0,1.0,0.7925824175824175,17.34592609294089,15.297058540778355,906.0,3518.0,1.0,0.7952079566003617,16.829471287252204,15.588457268119896,True,10.0,False,18.999766676642167,0.28439080715179443
L23,5,906,254,0.5,0.5,52,False,partial_r,0.05,1000.0,905.0,2618.0,0.9988962472406181,0.7431166619358501,13.875334565524362,12.727922061357855,906.0,3430.0,1.0,0.7910516605166051,17.250313474792932,15.297058540778355,True,10.0,False,18.999766676642167,0.15240433812141418
L23,5,906,254,0.5,0.5,52,False,partial_r,0.01,1000.0,901.0,1868.0,0.9944812362030905,0.6746117732033226,10.151021658235507,9.486832980505138,906.0,3291.0,1.0,0.7841315225160829,16.68510810142995,15.0,True,10.0,False,18.999766676642167,0.18682861328125
L23,5,906,254,0.5,0.5,52,False,partial_r,0.001,1000.0,877.0,1097.0,0.9679911699779249,0.5557244174265451,6.179953721803501,6.708203932499369,903.0,2495.0,0.9966887417218543,0.7342554443790466,13.5377047152352,12.36931687685298,True,9.0,False,18.999766676642167,0.24219664931297302
L23,5,906,254,0.5,0.5,52,False,ridge,0.05,1000.0,302.0,235.0,0.3333333333333333,0.4376163873370577,3.451672176444405,4.242640687119285,589.0,1074.0,0.6501103752759382,0.6458208057727,8.856436399167695,8.48528137423857,True,9.0,True,21.92541463767946,0.0032709131442834752
L23,5,906,254,0.5,0.5,52,False,ridge,0.01,1000.0,20.0,52.0,0.02207505518763797,0.7222222222222222,22.628394358948487,4.242640687119285,383.0,721.0,0.4227373068432671,0.6530797101449275,7.1483004405903525,6.708203932499369,False,3.0,True,21.92541463767946,0.004065363640225942
L23,5,906,254,0.5,0.5,52,False,ridge,0.001,1000.0,0.0,0.0,0.0,,,,303.0,314.0,0.3344370860927152,0.5089141004862237,4.518609682686065,6.708203932499369,False,0.0,True,21.92541463767946,0.005698930661127956
L23,5,906,254,0.75,1.0,63,False,pm3,0.05,1000.0,906.0,3519.0,1.0,0.7952542372881356,16.82073133933545,15.588457268119896,906.0,3519.0,1.0,0.7952542372881356,16.82073133933545,15.588457268119896,True,10.0,True,11.53818649650924,0.17504656314849854
L23,5,906,254,0.75,1.0,63,False,pm3,0.01,1000.0,906.0,3517.0,1.0,0.7951616549853041,16.83549404762752,15.588457268119896,906.0,3519.0,1.0,0.7952542372881356,16.82073133933545,15.588457268119896,True,10.0,True,11.53818649650924,0.21885253489017487
L23,5,906,254,0.75,1.0,63,False,pm3,0.001,1000.0,906.0,3499.0,1.0,0.7943246311010216,16.97535320585655,15.588457268119896,906.0,3519.0,1.0,0.7952542372881356,16.82073133933545,15.588457268119896,True,10.0,True,11.53818649650924,0.25157400965690613
L23,5,906,254,0.75,1.0,63,False,partial_r,0.05,1000.0,899.0,1900.0,0.9922737306843267,0.6788138620936048,10.228892321131626,9.9498743710662,906.0,3331.0,1.0,0.7861694595232476,16.88354693232436,15.0,True,10.0,True,8.18541597946867,0.15043577551841736
L23,5,906,254,0.75,1.0,63,False,partial_r,0.01,1000.0,891.0,1449.0,0.9834437086092715,0.6192307692307693,7.205920856394793,8.48528137423857,906.0,3002.0,1.0,0.7681678607983623,15.64441440220677,14.071247279470288,True,9.0,True,8.18541597946867,0.17631885409355164
L23,5,906,254,0.75,1.0,63,False,partial_r,0.001,1000.0,875.0,1087.0,0.9657836644591612,0.5540265035677879,5.605130163666944,6.708203932499369,901.0,2158.0,0.9944812362030905,0.7054593004249755,11.782479212907628,10.816653826391969,True,9.0,True,8.18541597946867,0.20637337863445282
L23,5,906,254,0.75,1.0,63,False,ridge,0.05,1000.0,138.0,37.0,0.152317880794702,0.21142857142857144,8.334695347587616,17.4928556845359,525.0,506.0,0.5794701986754967,0.49078564500484967,3.9193796164726873,9.0,True,2.0,True,15.137032325665034,0.012205954784414151
L23,5,906,254,0.75,1.0,63,False,ridge,0.01,1000.0,49.0,0.0,0.05408388520971302,0.0,10.975203818785927,0.0,389.0,226.0,0.42935982339955847,0.367479674796748,2.410913430774188,8.48528137423857,True,1.0,True,15.137032325665034,0.014956803512062397
L23,5,906,254,0.75,1.0,63,False,ridge,0.001,1000.0,0.0,0.0,0.0,,,,252.0,89.0,0.2781456953642384,0.26099706744868034,2.288109087100933,6.708203932499369,False,0.0,True,15.137032325665034,0.020986293863890705
L23,5,906,254,0.75,0.5,35,False,pm3,0.05,1000.0,906.0,3519.0,1.0,0.7952542372881356,16.82073133933545,15.588457268119896,906.0,3519.0,1.0,0.7952542372881356,16.82073133933545,15.588457268119896,True,10.0,True,11.367447230540343,0.22452592849731445
L23,5,906,254,0.75,0.5,35,False,pm3,0.01,1000.0,906.0,3500.0,1.0,0.7943713118474807,16.972040669951575,15.588457268119896,906.0,3519.0,1.0,0.7952542372881356,16.82073133933545,15.588457268119896,True,10.0,True,11.367447230540343,0.2586599290370941
L23,5,906,254,0.75,0.5,35,False,pm3,0.001,1000.0,906.0,3413.0,1.0,0.7902292197267886,17.216511852274532,15.297058540778355,906.0,3518.0,1.0,0.7952079566003617,16.81666782755511,15.588457268119896,True,10.0,True,11.367447230540343,0.34412136673927307
L23,5,906,254,0.75,0.5,35,False,partial_r,0.05,1000.0,891.0,1214.0,0.9834437086092715,0.5767220902612826,6.222131773869619,6.708203932499369,905.0,2946.0,0.9988962472406181,0.7649961049078161,15.752337303071696,15.0,True,10.0,True,11.367447230540343,0.15602700412273407
L23,5,906,254,0.75,0.5,35,False,partial_r,0.01,1000.0,885.0,999.0,0.9768211920529801,0.5302547770700637,5.80938994926286,6.708203932499369,900.0,2239.0,0.9933774834437086,0.7132844855049378,12.659210206887213,12.0,True,9.0,True,11.367447230540343,0.1825086772441864
L23,5,906,254,0.75,0.5,35,False,partial_r,0.001,1000.0,858.0,857.0,0.9470198675496688,0.49970845481049564,5.95028398158927,6.0,893.0,1403.0,0.9856512141280354,0.6110627177700348,7.458371397179899,8.48528137423857,True,8.0,True,11.367447230540343,0.22621619701385498
L23,5,906,254,0.75,0.5,35,False,ridge,0.05,1000.0,126.0,4.0,0.1390728476821192,0.03076923076923077,8.815900724662285,3.0,616.0,515.0,0.6799116997792495,0.45534924845269675,6.6945374274339216,6.708203932499369,True,2.0,True,10.544157272097342,0.006947701604565709
L23,5,906,254,0.75,0.5,35,False,ridge,0.01,1000.0,39.0,0.0,0.04304635761589404,0.0,8.121313222081916,0.0,440.0,298.0,0.4856512141280353,0.4037940379403794,4.523577194440386,7.3484692283495345,True,1.0,True,10.544157272097342,0.008555194273142427
L23,5,906,254,0.75,0.5,35,False,ridge,0.001,1000.0,0.0,0.0,0.0,,,,157.0,122.0,0.17328918322295805,0.43727598566308246,2.321606732930912,6.708203932499369,False,0.0,True,10.544157272097342,0.010998030978272549
L15,1,807,262,0.25,1.0,115,False,pm3,0.05,1000.0,807.0,3618.0,1.0,0.8176271186440678,22.487460221130135,18.0,807.0,3618.0,1.0,0.8176271186440678,22.487460221130135,18.0,False,10.0,False,16.726774781275463,0.14262662827968597
L15,1,807,262,0.25,1.0,115,False,pm3,0.01,1000.0,807.0,3618.0,1.0,0.8176271186440678,22.487460221130135,18.0,807.0,3618.0,1.0,0.8176271186440678,22.487460221130135,18.0,False,10.0,False,16.726774781275463,0.16665172576904297
L15,1,807,262,0.25,1.0,115,False,pm3,0.001,1000.0,807.0,3618.0,1.0,0.8176271186440678,22.487460221130135,18.0,807.0,3618.0,1.0,0.8176271186440678,22.487460221130135,18.0,False,10.0,False,16.726774781275463,0.20466157793998718
L15,1,807,262,0.25,1.0,115,False,partial_r,0.05,1000.0,805.0,3188.0,0.9975216852540273,0.7983971950914099,20.53966271910604,17.233687939614086,807.0,3557.0,1.0,0.8150779101741522,21.781250547178377,18.0,True,10.0,False,16.726774781275463,0.15471768379211426
L15,1,807,262,0.25,1.0,115,False,partial_r,0.01,1000.0,797.0,2775.0,0.9876084262701363,0.776875699888018,19.082323940287672,15.588457268119896,807.0,3549.0,1.0,0.8147382920110193,21.770952519257108,18.0,True,10.0,False,16.726774781275463,0.17957714200019836
L15,1,807,262,0.25,1.0,115,False,partial_r,0.001,1000.0,791.0,2276.0,0.9801734820322181,0.7420932507336159,17.474509678701622,15.0,804.0,3281.0,0.9962825278810409,0.8031823745410037,20.757016515442864,17.233687939614086,True,10.0,False,16.726774781275463,0.20268911123275757
L15,1,807,262,0.25,1.0,115,False,ridge,0.05,1000.0,11.0,15.0,0.013630731102850062,0.5769230769230769,15.397910753366155,3.0,362.0,139.0,0.4485749690210657,0.2774451097804391,3.664107600793577,5.196152422706632,False,2.0,True,11.811951403079025,0.019477266176403572
L15,1,807,262,0.25,1.0,115,False,ridge,0.01,1000.0,0.0,0.0,0.0,,,,187.0,73.0,0.23172242874845106,0.28076923076923077,2.504082291277537,3.0,False,0.0,True,11.811951403079025,0.022052332152152507
L15,1,807,262,0.25,1.0,115,False,ridge,0.001,1000.0,0.0,0.0,0.0,,,,28.0,15.0,0.03469640644361834,0.3488372093023256,4.527496024824422,3.0,False,0.0,True,11.811951403079025,0.027763622343150256
L15,1,807,262,0.25,0.5,47,False,pm3,0.05,1000.0,807.0,3615.0,1.0,0.8175033921302578,22.451745835259388,18.0,807.0,3618.0,1.0,0.8176271186440678,22.487460221130135,18.0,False,10.0,False,24.24906341479554,0.2043784260749817
L15,1,807,262,0.25,0.5,47,False,pm3,0.01,1000.0,807.0,3591.0,1.0,0.8165075034106412,22.16720263829691,18.0,807.0,3618.0,1.0,0.8176271186440678,22.487460221130135,18.0,False,10.0,False,24.24906341479554,0.25054827332496643
L15,1,807,262,0.25,0.5,47,False,pm3,0.001,1000.0,807.0,3553.0,1.0,0.814908256880734,21.787468292694502,18.0,807.0,3618.0,1.0,0.8176271186440678,22.487460221130135,18.0,False,10.0,False,24.24906341479554,0.2899080514907837
L15,1,807,262,0.25,0.5,47,False,partial_r,0.05,1000.0,788.0,1914.0,0.976456009913259,0.7083641746854182,16.892440269801085,14.071247279470288,802.0,3179.0,0.9938042131350682,0.7985430796282341,20.9549329434921,17.74823934929885,True,10.0,True,2.6650329691877412,0.15233956277370453
L15,1,807,262,0.25,0.5,47,False,partial_r,0.01,1000.0,788.0,1791.0,0.976456009913259,0.6944552151996898,16.53623965667493,13.416407864998739,795.0,2691.0,0.9851301115241635,0.7719449225473322,19.45496161248409,16.431676725154983,True,10.0,True,2.6650329691877412,0.16782675683498383
L15,1,807,262,0.25,0.5,47,False,partial_r,0.001,1000.0,788.0,1704.0,0.976456009913259,0.6837881219903692,16.29442092222326,13.076696830622021,788.0,2115.0,0.976456009913259,0.7285566655184292,17.492278390809844,15.297058540778355,True,8.0,True,2.6650329691877412,0.19243240356445312
L15,1,807,262,0.25,0.5,47,False,ridge,0.05,1000.0,417.0,277.0,0.516728624535316,0.39913544668587897,6.491971048987309,6.0,731.0,1294.0,0.9058240396530359,0.6390123456790123,14.088982357716938,13.909487182168904,True,6.0,True,12.456203604445061,0.001990713791040331
L15,1,807,262,0.25,0.5,47,False,ridge,0.01,1000.0,112.0,80.0,0.13878562577447337,0.4166666666666667,4.901444420387235,4.242640687119285,686.0,820.0,0.8500619578686494,0.5444887118193891,11.616067406355928,13.416407864998739,True,5.0,True,12.456203604445061,0.0024403586968466703
L15,1,807,262,0.25,0.5,47,False,ridge,0.001,1000.0,69.0,28.0,0.08550185873605948,0.28865979381443296,5.168992265344048,6.0,474.0,407.0,0.587360594795539,0.4619750283768445,7.900701577534657,7.3484692283495345,True,2.0,True,12.456203604445061,0.002813968169451154
L15,1,807,262,0.5,1.0,98,False,pm3,0.05,1000.0,807.0,3618.0,1.0,0.8176271186440678,22.487460221130135,18.0,807.0,3618.0,1.0,0.8176271186440678,22.487460221130135,18.0,False,10.0,True,13.606488541122221,0.14029596745967865
L15,1,807,262,0.5,1.0,98,False,pm3,0.01,1000.0,807.0,3618.0,1.0,0.8176271186440678,22.487460221130135,18.0,807.0,3618.0,1.0,0.8176271186440678,22.487460221130135,18.0,False,10.0,True,13.606488541122221,0.1671680510044098
L15,1,807,262,0.5,1.0,98,False,pm3,0.001,1000.0,807.0,3618.0,1.0,0.8176271186440678,22.487460221130135,18.0,807.0,3618.0,1.0,0.8176271186440678,22.487460221130135,18.0,False,10.0,True,13.606488541122221,0.2134726494550705
L15,1,807,262,0.5,1.0,98,False,partial_r,0.05,1000.0,807.0,2971.0,1.0,0.7863949179460031,19.830585555377308,16.431676725154983,807.0,3549.0,1.0,0.8147382920110193,21.767031411425933,18.0,True,10.0,True,13.38648437293337,0.14961226284503937
L15,1,807,262,0.5,1.0,98,False,partial_r,0.01,1000.0,803.0,2457.0,0.9950433705080545,0.753680981595092,17.92382442699846,15.297058540778355,807.0,3516.0,1.0,0.813324080499653,21.69438559348304,18.0,True,10.0,True,13.38648437293337,0.17841356992721558
L15,1,807,262,0.5,1.0,98,False,partial_r,0.001,1000.0,795.0,2055.0,0.9851301115241635,0.7210526315789474,16.863858202498236,13.74772708486752,807.0,3155.0,1.0,0.7963149924280666,20.446966244886628,17.233687939614086,True,10.0,True,13.38648437293337,0.20792214572429657
L15,1,807,262,0.5,1.0,98,False,ridge,0.05,1000.0,228.0,0.0,0.2825278810408922,0.0,4.560893337048729,0.0,580.0,228.0,0.7187112763320942,0.28217821782178215,5.545290261277778,6.0,True,1.0,True,4.522602852676225,0.013148863386433975
L15,1,807,262,0.5,1.0,98,False,ridge,0.01,1000.0,23.0,0.0,0.028500619578686492,0.0,3.0946233660480966,0.0,430.0,71.0,0.5328376703841388,0.14171656686626746,3.2356626360759906,3.0,True,1.0,True,4.522602852676225,0.015549150011225591
L15,1,807,262,0.5,1.0,98,False,ridge,0.001,1000.0,0.0,0.0,0.0,,,,234.0,0.0,0.2899628252788104,0.0,4.9069593650904455,0.0,False,0.0,True,4.522602852676225,0.021761590260124607
L15,1,807,262,0.5,0.5,48,False,pm3,0.05,1000.0,807.0,3618.0,1.0,0.8176271186440678,22.487460221130135,18.0,807.0,3618.0,1.0,0.8176271186440678,22.487460221130135,18.0,False,10.0,True,13.606488541122221,0.1974637657403946
L15,1,807,262,0.5,0.5,48,False,pm3,0.01,1000.0,807.0,3611.0,1.0,0.8173381620642824,22.400018450579058,18.0,807.0,3618.0,1.0,0.8176271186440678,22.487460221130135,18.0,False,10.0,True,13.606488541122221,0.23097826540470123
L15,1,807,262,0.5,0.5,48,False,pm3,0.001,1000.0,803.0,3516.0,0.9950433705080545,0.8140773327159064,21.752626876104006,18.0,807.0,3618.0,1.0,0.8176271186440678,22.487460221130135,18.0,False,10.0,True,13.606488541122221,0.30978262424468994
L15,1,807,262,0.5,0.5,48,False,partial_r,0.05,1000.0,788.0,1708.0,0.976456009913259,0.6842948717948718,15.80958898960632,12.727922061357855,795.0,2855.0,0.9851301115241635,0.7821917808219178,19.78268660381148,16.431676725154983,True,8.0,False,18.375677964597614,0.15466941893100739
L15,1,807,262,0.5,0.5,48,False,partial_r,0.01,1000.0,788.0,1591.0,0.976456009913259,0.6687683900798654,15.117801777237181,12.36931687685298,789.0,2334.0,0.9776951672862454,0.7473583093179635,18.079661768453544,15.297058540778355,True,8.0,False,18.375677964597614,0.17665304243564606
L15,1,807,262,0.5,0.5,48,False,partial_r,0.001,1000.0,784.0,1357.0,0.9714993804213135,0.6338159738439981,13.461904383507882,10.816653826391969,788.0,1822.0,0.976456009913259,0.6980842911877395,16.320327618064987,13.076696830622021,True,8.0,False,18.375677964597614,0.21547682583332062
L15,1,807,262,0.5,0.5,48,False,ridge,0.05,1000.0,68.0,129.0,0.08426270136307311,0.6548223350253807,12.110846345556412,4.242640687119285,393.0,566.0,0.48698884758364314,0.5901981230448383,13.57639404845879,12.36931687685298,True,5.0,True,18.48013446948193,0.007771887618909408
L15,1,807,262,0.5,0.5,48,False,ridge,0.01,1000.0,28.0,76.0,0.03469640644361834,0.7307692307692307,17.70259107960289,4.242640687119285,339.0,335.0,0.4200743494423792,0.4970326409495549,10.765174242675908,8.48528137423857,False,4.0,True,18.48013446948193,0.009434019308797547
L15,1,807,262,0.5,0.5,48,False,ridge,0.001,1000.0,0.0,0.0,0.0,,,,218.0,183.0,0.2701363073110285,0.456359102244389,11.209385257408961,6.0,False,0.0,True,18.48013446948193,0.011917881254947447
L15,1,807,262,0.75,1.0,46,False,pm3,0.05,1000.0,807.0,3618.0,1.0,0.8176271186440678,22.487460221130135,18.0,807.0,3618.0,1.0,0.8176271186440678,22.487460221130135,18.0,False,10.0,True,10.430495361743986,0.1997331827878952
L15,1,807,262,0.75,1.0,46,False,pm3,0.01,1000.0,807.0,3618.0,1.0,0.8176271186440678,22.487460221130135,18.0,807.0,3618.0,1.0,0.8176271186440678,22.487460221130135,18.0,False,10.0,True,10.430495361743986,0.2468215376138687
L15,1,807,262,0.75,1.0,46,False,pm3,0.001,1000.0,807.0,3609.0,1.0,0.8172554347826086,22.401652184713036,18.0,807.0,3618.0,1.0,0.8176271186440678,22.487460221130135,18.0,False,10.0,True,10.430495361743986,0.2976769804954529
L15,1,807,262,0.75,1.0,46,False,partial_r,0.05,1000.0,806.0,2361.0,0.9987608426270136,0.7455004736343542,17.394357146366005,14.696938456699069,807.0,3504.0,1.0,0.8128044537230341,21.578977160696347,17.74823934929885,True,10.0,True,14.628039302403439,0.15678220987319946
L15,1,807,262,0.75,1.0,46,False,partial_r,0.01,1000.0,800.0,1919.0,0.9913258983890955,0.7057741816844428,15.811324372263194,12.727922061357855,807.0,3324.0,1.0,0.8046477850399419,20.989230696788375,17.4928556845359,True,10.0,True,14.628039302403439,0.18286260962486267
L15,1,807,262,0.75,1.0,46,False,partial_r,0.001,1000.0,794.0,1562.0,0.9838909541511772,0.6629881154499151,14.229346563119483,11.224972160321824,807.0,2697.0,1.0,0.7696917808219178,18.568440145313676,15.588457268119896,True,10.0,True,14.628039302403439,0.216128870844841
L15,1,807,262,0.75,1.0,46,False,ridge,0.05,1000.0,166.0,56.0,0.2057001239157373,0.25225225225225223,3.0547894242208944,4.242640687119285,406.0,625.0,0.5030978934324659,0.6062075654704171,14.458222214307995,12.36931687685298,True,5.0,True,16.85726096206735,0.010173145856019663
L15,1,807,262,0.75,1.0,46,False,ridge,0.01,1000.0,112.0,0.0,0.13878562577447337,0.0,8.081772761550228,0.0,334.0,233.0,0.4138785625774473,0.4109347442680776,6.076403829291799,6.708203932499369,True,1.0,True,16.85726096206735,0.012598071879743006
L15,1,807,262,0.75,1.0,46,False,ridge,0.001,1000.0,0.0,0.0,0.0,,,,282.0,85.0,0.34944237918215615,0.23160762942779292,3.092860707762922,6.708203932499369,False,0.0,True,16.85726096206735,0.017356829541606382
L15,1,807,262,0.75,0.5,29,False,pm3,0.05,1000.0,807.0,3614.0,1.0,0.8174621126441981,22.439271996943187,18.0,807.0,3618.0,1.0,0.8176271186440678,22.487460221130135,18.0,False,10.0,True,11.707470182099186,0.25146445631980896
L15,1,807,262,0.75,0.5,29,False,pm3,0.01,1000.0,807.0,3574.0,1.0,0.8157954804839078,21.976141483048327,18.0,807.0,3618.0,1.0,0.8176271186440678,22.487460221130135,18.0,False,10.0,True,11.707470182099186,0.2976629137992859
L15,1,807,262,0.75,0.5,29,False,pm3,0.001,1000.0,807.0,3389.0,1.0,0.80767397521449,21.168818280863636,17.4928556845359,807.0,3612.0,1.0,0.8173794976238968,22.426418874699426,18.0,False,10.0,True,11.707470182099186,0.44906091690063477
L15,1,807,262,0.75,0.5,29,False,partial_r,0.05,1000.0,788.0,1462.0,0.976456009913259,0.6497777777777778,13.75468343414074,10.816653826391969,805.0,2856.0,0.9975216852540273,0.780114722753346,19.40225693112772,16.15549442140351,True,10.0,True,11.707470182099186,0.15014779567718506
L15,1,807,262,0.75,0.5,29,False,partial_r,0.01,1000.0,776.0,1148.0,0.9615861214374225,0.5966735966735967,11.487330580749509,9.486832980505138,800.0,2230.0,0.9913258983890955,0.735973597359736,17.21581232276216,13.909487182168904,True,9.0,True,11.707470182099186,0.18156075477600098
L15,1,807,262,0.75,0.5,29,False,partial_r,0.001,1000.0,763.0,873.0,0.9454770755885997,0.5336185819070904,9.503439468691836,8.48528137423857,792.0,1594.0,0.9814126394052045,0.6680637049455155,14.53963394369017,11.224972160321824,True,8.0,True,11.707470182099186,0.2125513255596161
L15,1,807,262,0.75,0.5,29,False,ridge,0.05,1000.0,48.0,21.0,0.05947955390334572,0.30434782608695654,13.73419858979142,29.546573405388315,511.0,479.0,0.6332094175960347,0.48383838383838385,11.655853186797298,11.224972160321824,True,2.0,True,16.85726096206735,0.006180727988695378
L15,1,807,262,0.75,0.5,29,False,ridge,0.01,1000.0,48.0,0.0,0.05947955390334572,0.0,8.287167957348766,0.0,348.0,300.0,0.4312267657992565,0.46296296296296297,12.525338100773387,12.36931687685298,True,1.0,True,16.85726096206735,0.007331212093643709
L15,1,807,262,0.75,0.5,29,False,ridge,0.001,1000.0,0.0,0.0,0.0,,,,125.0,49.0,0.15489467162329615,0.28160919540229884,8.435869609111151,8.48528137423857,False,0.0,True,16.85726096206735,0.009168885544292064
L22,4,812,300,0.25,1.0,119,False,pm3,0.05,1000.0,812.0,3613.0,1.0,0.816497175141243,19.883667422178785,17.4928556845359,812.0,3613.0,1.0,0.816497175141243,19.883667422178785,17.4928556845359,False,10.0,False,19.892773176649694,0.13377244770526886
L22,4,812,300,0.25,1.0,119,False,pm3,0.01,1000.0,812.0,3613.0,1.0,0.816497175141243,19.883667422178785,17.4928556845359,812.0,3613.0,1.0,0.816497175141243,19.883667422178785,17.4928556845359,False,10.0,False,19.892773176649694,0.15075387060642242
L22,4,812,300,0.25,1.0,119,False,pm3,0.001,1000.0,812.0,3613.0,1.0,0.816497175141243,19.883667422178785,17.4928556845359,812.0,3613.0,1.0,0.816497175141243,19.883667422178785,17.4928556845359,False,10.0,False,19.892773176649694,0.1883506178855896
L22,4,812,300,0.25,1.0,119,False,partial_r,0.05,1000.0,771.0,3052.0,0.9495073891625616,0.7983259220507455,19.89259489476862,16.15549442140351,812.0,3549.0,1.0,0.8138041733547352,20.039366741730102,17.233687939614086,False,10.0,False,19.892773176649694,0.15436092019081116
L22,4,812,300,0.25,1.0,119,False,partial_r,0.01,1000.0,661.0,2541.0,0.8140394088669951,0.7935665209244223,20.856971439198894,15.588457268119896,812.0,3529.0,1.0,0.8129463257313982,20.007858110242307,17.233687939614086,False,10.0,False,19.892773176649694,0.1854793131351471
L22,4,812,300,0.25,1.0,119,False,partial_r,0.001,1000.0,618.0,2307.0,0.7610837438423645,0.7887179487179488,21.55810456394976,16.15549442140351,793.0,3240.0,0.9766009852216748,0.8033721795189686,20.07464369743801,16.97056274847714,False,10.0,False,19.892773176649694,0.19994862377643585
L22,4,812,300,0.25,1.0,119,False,ridge,0.05,1000.0,0.0,0.0,0.0,,,,78.0,55.0,0.0960591133004926,0.41353383458646614,17.440061586349795,25.45584412271571,False,0.0,True,18.243189992911063,0.04002904886926103
L22,4,812,300,0.25,1.0,119,False,ridge,0.01,1000.0,0.0,0.0,0.0,,,,48.0,4.0,0.059113300492610835,0.07692307692307693,8.43319603447914,3.0,False,0.0,True,18.243189992911063,0.045460348054482874
L22,4,812,300,0.25,1.0,119,False,ridge,0.001,1000.0,0.0,0.0,0.0,,,,0.0,0.0,0.0,,,,False,0.0,True,18.243189992911063,0.05433772238834967
L22,4,812,300,0.25,0.5,60,False,pm3,0.05,1000.0,812.0,3599.0,1.0,0.8159147585581501,19.916042846225636,17.4928556845359,812.0,3613.0,1.0,0.816497175141243,19.883667422178785,17.4928556845359,False,10.0,True,14.202293147927488,0.1796296387910843
L22,4,812,300,0.25,0.5,60,False,pm3,0.01,1000.0,812.0,3570.0,1.0,0.8146964856230032,19.9931682563152,17.233687939614086,812.0,3613.0,1.0,0.816497175141243,19.883667422178785,17.4928556845359,False,10.0,True,14.202293147927488,0.21851851046085358
L22,4,812,300,0.25,0.5,60,False,pm3,0.001,1000.0,812.0,3560.0,1.0,0.8142726440988106,20.0242981027949,17.233687939614086,812.0,3609.0,1.0,0.8163311467993667,19.889885625493317,17.4928556845359,False,10.0,True,14.202293147927488,0.23333331942558289
L22,4,812,300,0.25,0.5,60,False,partial_r,0.05,1000.0,623.0,2439.0,0.7672413793103449,0.7965382103200522,21.389967216072428,16.431676725154983,807.0,3502.0,0.9938423645320197,0.8127175678811789,20.022499956906504,17.233687939614086,False,10.0,True,14.202293147927488,0.1528649777173996
L22,4,812,300,0.25,0.5,60,False,partial_r,0.01,1000.0,602.0,2170.0,0.7413793103448276,0.7828282828282829,21.95382969453831,16.431676725154983,795.0,3282.0,0.979064039408867,0.8050036791758646,19.874290639837657,16.431676725154983,False,10.0,True,14.202293147927488,0.17472821474075317
L22,4,812,300,0.25,0.5,60,False,partial_r,0.001,1000.0,596.0,1929.0,0.7339901477832512,0.763960396039604,22.16228678935562,15.588457268119896,717.0,2709.0,0.8830049261083743,0.7907180385288967,20.37874909938461,16.15549442140351,False,10.0,True,14.202293147927488,0.1981412023305893
L22,4,812,300,0.25,0.5,60,False,ridge,0.05,1000.0,156.0,37.0,0.1921182266009852,0.19170984455958548,13.679794904863858,22.64950330581225,473.0,724.0,0.5825123152709359,0.6048454469507101,13.397452272043267,14.384092868084679,True,3.0,True,18.851595382415596,0.005509114988748945
L22,4,812,300,0.25,0.5,60,False,ridge,0.01,1000.0,156.0,8.0,0.1921182266009852,0.04878048780487805,9.371017102884801,3.0,337.0,341.0,0.41502463054187194,0.5029498525073747,9.367263576507149,10.392304845413264,True,3.0,True,18.851595382415596,0.006577408099199825
L22,4,812,300,0.25,0.5,60,False,ridge,0.001,1000.0,47.0,5.0,0.05788177339901478,0.09615384615384616,14.265035342054011,3.0,169.0,102.0,0.20812807881773399,0.3763837638376384,11.117560832281512,16.15549442140351,True,3.0,True,18.851595382415596,0.0099924347845912
L22,4,812,300,0.5,1.0,81,False,pm3,0.05,1000.0,812.0,3613.0,1.0,0.816497175141243,19.883667422178785,17.4928556845359,812.0,3613.0,1.0,0.816497175141243,19.883667422178785,17.4928556845359,False,10.0,True,16.49609662631848,0.15870977938175201
L22,4,812,300,0.5,1.0,81,False,pm3,0.01,1000.0,812.0,3613.0,1.0,0.816497175141243,19.883667422178785,17.4928556845359,812.0,3613.0,1.0,0.816497175141243,19.883667422178785,17.4928556845359,False,10.0,True,16.49609662631848,0.18340112268924713
L22,4,812,300,0.5,1.0,81,False,pm3,0.001,1000.0,812.0,3613.0,1.0,0.816497175141243,19.883667422178785,17.4928556845359,812.0,3613.0,1.0,0.816497175141243,19.883667422178785,17.4928556845359,False,10.0,True,16.49609662631848,0.22236494719982147
L22,4,812,300,0.5,1.0,81,False,partial_r,0.05,1000.0,812.0,3535.0,1.0,0.8132045088566827,20.02671663361927,17.233687939614086,812.0,3552.0,1.0,0.8139321723189734,20.046597654745334,17.233687939614086,False,10.0,True,8.83349674472216,0.14974085986614227
L22,4,812,300,0.5,1.0,81,False,partial_r,0.01,1000.0,812.0,3480.0,1.0,0.8108108108108109,19.939556454400506,17.233687939614086,812.0,3552.0,1.0,0.8139321723189734,20.046597654745334,17.233687939614086,False,10.0,True,8.83349674472216,0.16935577988624573
L22,4,812,300,0.5,1.0,81,False,partial_r,0.001,1000.0,811.0,3164.0,0.9987684729064039,0.7959748427672956,19.57797123527161,16.431676725154983,812.0,3535.0,1.0,0.8132045088566827,20.02177569831844,17.233687939614086,True,10.0,True,8.83349674472216,0.20905008912086487
L22,4,812,300,0.5,1.0,81,False,ridge,0.05,1000.0,165.0,38.0,0.20320197044334976,0.18719211822660098,5.587506053188649,10.816653826391969,590.0,595.0,0.7266009852216748,0.5021097046413502,13.47901786740816,9.9498743710662,True,4.0,True,14.770786633782441,0.008114656325227171
L22,4,812,300,0.5,1.0,81,False,ridge,0.01,1000.0,115.0,7.0,0.1416256157635468,0.05737704918032787,2.3649795615470577,3.0,494.0,178.0,0.6083743842364532,0.2648809523809524,8.143974326761564,9.0,True,3.0,True,14.770786633782441,0.009654047512106844
L22,4,812,300,0.5,1.0,81,False,ridge,0.001,1000.0,0.0,0.0,0.0,,,,209.0,40.0,0.25738916256157635,0.1606425702811245,5.599515660940394,10.383264098729084,False,0.0,True,14.770786633782441,0.013188923925395534
L22,4,812,300,0.5,0.5,39,False,pm3,0.05,1000.0,812.0,3608.0,1.0,0.816289592760181,19.89364011163154,17.4928556845359,812.0,3613.0,1.0,0.816497175141243,19.883667422178785,17.4928556845359,False,10.0,True,10.12260262304829,0.2128068059682846
L22,4,812,300,0.5,0.5,39,False,pm3,0.01,1000.0,812.0,3581.0,1.0,0.8151604825859322,19.942763091492516,17.233687939614086,812.0,3613.0,1.0,0.816497175141243,19.883667422178785,17.4928556845359,False,10.0,True,10.12260262304829,0.24914301931858063
L22,4,812,300,0.5,0.5,39,False,pm3,0.001,1000.0,809.0,3362.0,0.9963054187192119,0.8060417166147207,19.773518268864294,16.15549442140351,812.0,3613.0,1.0,0.816497175141243,19.883667422178785,17.4928556845359,True,10.0,True,10.12260262304829,0.3367612957954407
L22,4,812,300,0.5,0.5,39,False,partial_r,0.05,1000.0,758.0,2120.0,0.9334975369458128,0.7366226546212647,18.657687495684364,13.74772708486752,809.0,3344.0,0.9963054187192119,0.8052010594750783,19.761875917947698,16.15549442140351,True,10.0,True,9.047525891610528,0.15242750942707062
L22,4,812,300,0.5,0.5,39,False,partial_r,0.01,1000.0,698.0,1659.0,0.8596059113300493,0.7038608400509122,17.619901500887718,12.36931687685298,807.0,3015.0,0.9938423645320197,0.7888540031397174,19.343776638958097,15.297058540778355,True,9.0,True,9.047525891610528,0.17632366716861725
L22,4,812,300,0.5,0.5,39,False,partial_r,0.001,1000.0,643.0,1270.0,0.791871921182266,0.6638787245164662,16.350939659980998,10.816653826391969,788.0,2281.0,0.9704433497536946,0.7432388400130335,18.40103065401443,13.74772708486752,True,9.0,True,9.047525891610528,0.20013484358787537
L22,4,812,300,0.5,0.5,39,False,ridge,0.05,1000.0,105.0,34.0,0.12931034482758622,0.2446043165467626,6.751691703258436,16.293585573279245,480.0,646.0,0.5911330049261084,0.5737122557726465,10.475327555267581,12.0,True,2.0,True,14.710227286289518,0.007331249130873929
L22,4,812,300,0.5,0.5,39,False,ridge,0.01,1000.0,63.0,34.0,0.07758620689655173,0.35051546391752575,9.14690600299202,16.293585573279245,321.0,160.0,0.39532019704433496,0.33264033264033266,6.709053341843144,12.548619469105418,True,2.0,True,14.710227286289518,0.008961058370044076
L22,4,812,300,0.5,0.5,39,False,ridge,0.001,1000.0,0.0,0.0,0.0,,,,187.0,81.0,0.23029556650246305,0.30223880597014924,8.920505574116508,13.74772708486752,False,0.0,True,14.710227286289518,0.014169707393471627
L22,4,812,300,0.75,1.0,31,False,pm3,0.05,1000.0,812.0,3613.0,1.0,0.816497175141243,19.883667422178785,17.4928556845359,812.0,3613.0,1.0,0.816497175141243,19.883667422178785,17.4928556845359,False,10.0,True,6.730470292221773,0.2552865743637085
L22,4,812,300,0.75,1.0,31,False,pm3,0.01,1000.0,812.0,3613.0,1.0,0.816497175141243,19.883667422178785,17.4928556845359,812.0,3613.0,1.0,0.816497175141243,19.883667422178785,17.4928556845359,False,10.0,True,6.730470292221773,0.30222800374031067
L22,4,812,300,0.75,1.0,31,False,pm3,0.001,1000.0,812.0,3613.0,1.0,0.816497175141243,19.883667422178785,17.4928556845359,812.0,3613.0,1.0,0.816497175141243,19.883667422178785,17.4928556845359,False,10.0,True,6.730470292221773,0.402517169713974
L22,4,812,300,0.75,1.0,31,False,partial_r,0.05,1000.0,801.0,2799.0,0.9864532019704434,0.7775,18.497119865326663,16.15549442140351,812.0,3558.0,1.0,0.814187643020595,19.951640559312256,17.233687939614086,True,10.0,True,6.730470292221773,0.1513182520866394
L22,4,812,300,0.75,1.0,31,False,partial_r,0.01,1000.0,779.0,2367.0,0.9593596059113301,0.7523839796567069,17.819464158282212,15.297058540778355,812.0,3473.0,1.0,0.8105017502917153,19.795614110830627,17.233687939614086,True,10.0,True,6.730470292221773,0.16944009065628052
L22,4,812,300,0.75,1.0,31,False,partial_r,0.001,1000.0,660.0,1219.0,0.812807881773399,0.6487493347525279,15.409584454019603,12.36931687685298,810.0,3051.0,0.9975369458128078,0.7902097902097902,18.880699358915972,16.15549442140351,True,10.0,True,6.730470292221773,0.212377667427063
L22,4,812,300,0.75,1.0,31,False,ridge,0.05,1000.0,141.0,101.0,0.17364532019704434,0.41735537190082644,9.939049843159912,22.045407685048602,265.0,675.0,0.3263546798029557,0.7180851063829787,17.648102419691234,24.0,True,5.0,True,14.930770845647,0.02462466602679215
L22,4,812,300,0.75,1.0,31,False,ridge,0.01,1000.0,108.0,37.0,0.1330049261083744,0.25517241379310346,7.803171374034249,12.36931687685298,141.0,282.0,0.17364532019704434,0.6666666666666666,17.109338842102435,24.186773244895647,True,2.0,True,14.930770845647,0.027496767166486337
L22,4,812,300,0.75,1.0,31,False,ridge,0.001,1000.0,49.0,0.0,0.0603448275862069,0.0,11.719068623754772,0.0,141.0,101.0,0.17364532019704434,0.41735537190082644,9.939049843159912,22.045407685048602,True,1.0,True,14.930770845647,0.03104688181776087
L22,4,812,300,0.75,0.5,13,False,pm3,0.05,1000.0,812.0,3613.0,1.0,0.816497175141243,19.883667422178785,17.4928556845359,812.0,3613.0,1.0,0.816497175141243,19.883667422178785,17.4928556845359,False,10.0,False,41.31844355319608,0.3422880470752716
L22,4,812,300,0.75,0.5,13,False,pm3,0.01,1000.0,812.0,3607.0,1.0,0.8162480199140076,19.858627569041396,17.4928556845359,812.0,3613.0,1.0,0.816497175141243,19.883667422178785,17.4928556845359,False,10.0,False,41.31844355319608,0.4106932580471039
L22,4,812,300,0.75,0.5,13,False,pm3,0.001,1000.0,770.0,3249.0,0.9482758620689655,0.808410052251804,19.565915599797588,17.233687939614086,810.0,3550.0,0.9975369458128078,0.8142201834862385,19.764047560487516,17.4928556845359,False,10.0,False,41.31844355319608,0.6244267225265503
L22,4,812,300,0.75,0.5,13,False,partial_r,0.05,1000.0,235.0,777.0,0.2894088669950739,0.7677865612648221,21.154386353538378,19.44222209522358,759.0,3081.0,0.9347290640394089,0.80234375,19.17970513441887,17.233687939614086,False,10.0,False,47.14527172928082,0.1562231034040451
L22,4,812,300,0.75,0.5,13,False,partial_r,0.01,1000.0,53.0,261.0,0.06527093596059114,0.8312101910828026,27.70828551122005,20.346989949375804,637.0,2273.0,0.7844827586206896,0.7810996563573883,18.70929262477295,18.0,False,8.0,False,47.14527172928082,0.18609201908111572
L22,4,812,300,0.75,0.5,13,False,partial_r,0.001,1000.0,10.0,47.0,0.012315270935960592,0.8245614035087719,33.153274301620314,24.73863375370596,252.0,903.0,0.3103448275862069,0.7818181818181819,20.0331724419879,18.49324200890693,False,4.0,False,47.14527172928082,0.2101634293794632
L22,4,812,300,0.75,0.5,13,False,ridge,0.05,1000.0,49.0,0.0,0.0603448275862069,0.0,11.719068623754772,0.0,268.0,739.0,0.33004926108374383,0.733862959285005,20.236066560846925,22.045407685048602,True,1.0,True,14.930770845647,0.006846551903661553
L22,4,812,300,0.75,0.5,13,False,ridge,0.01,1000.0,0.0,0.0,0.0,,,,125.0,311.0,0.1539408866995074,0.713302752293578,23.392509072289023,22.64950330581225,False,0.0,True,14.930770845647,0.008204542967780263
L22,4,812,300,0.75,0.5,13,False,ridge,0.001,1000.0,0.0,0.0,0.0,,,,49.0,43.0,0.0603448275862069,0.4673913043478261,17.963831804338362,24.55605831561735,False,0.0,True,14.930770845647,0.013356907002895354
L24,6,293,328,0.25,1.0,90,False,pm3,0.05,1000.0,293.0,4132.0,1.0,0.9337853107344632,26.21530227976512,21.213203435596427,293.0,4132.0,1.0,0.9337853107344632,26.21530227976512,21.213203435596427,False,10.0,True,7.127467790526514,0.1483660191297531
L24,6,293,328,0.25,1.0,90,False,pm3,0.01,1000.0,293.0,4132.0,1.0,0.9337853107344632,26.21530227976512,21.213203435596427,293.0,4132.0,1.0,0.9337853107344632,26.21530227976512,21.213203435596427,False,10.0,True,7.127467790526514,0.1751634180545807
L24,6,293,328,0.25,1.0,90,False,pm3,0.001,1000.0,293.0,4132.0,1.0,0.9337853107344632,26.21530227976512,21.213203435596427,293.0,4132.0,1.0,0.9337853107344632,26.21530227976512,21.213203435596427,False,10.0,True,7.127467790526514,0.22875817120075226
L24,6,293,328,0.25,1.0,90,False,partial_r,0.05,1000.0,293.0,3550.0,1.0,0.9237574811345303,26.632863180643668,20.12461179749811,293.0,4062.0,1.0,0.9327210103329506,26.79038961145621,21.0,False,10.0,True,7.127467790526514,0.15092027187347412
L24,6,293,328,0.25,1.0,90,False,partial_r,0.01,1000.0,293.0,3023.0,1.0,0.9116405307599518,26.021463790626985,19.209372712298546,293.0,4030.0,1.0,0.9322229932916956,26.795741040883044,21.0,False,10.0,True,7.127467790526514,0.1763492375612259
L24,6,293,328,0.25,1.0,90,False,partial_r,0.001,1000.0,293.0,2605.0,1.0,0.898895790200138,25.08686326981851,18.49324200890693,293.0,3748.0,1.0,0.9274931947537738,26.72370052020387,21.0,False,10.0,True,7.127467790526514,0.19537322223186493
L24,6,293,328,0.25,1.0,90,False,ridge,0.05,1000.0,130.0,18.0,0.44368600682593856,0.12162162162162163,6.7533809453306715,3.0,250.0,513.0,0.8532423208191127,0.672346002621232,14.42732936607,12.36931687685298,True,4.0,True,14.81246734050018,0.012599186411659899
L24,6,293,328,0.25,1.0,90,False,ridge,0.01,1000.0,117.0,15.0,0.3993174061433447,0.11363636363636363,6.423087867485185,3.0,187.0,168.0,0.6382252559726962,0.4732394366197183,10.763829749884769,9.486832980505138,True,3.0,True,14.81246734050018,0.015042542019096532
L24,6,293,328,0.25,1.0,90,False,ridge,0.001,1000.0,23.0,0.0,0.07849829351535836,0.0,12.038581226621776,0.0,117.0,15.0,0.3993174061433447,0.11363636363636363,6.423087867485185,3.0,True,1.0,True,14.81246734050018,0.017807256962338886
L24,6,293,328,0.25,0.5,38,False,pm3,0.05,1000.0,293.0,4106.0,1.0,0.9333939531711752,26.42299069898472,21.213203435596427,293.0,4132.0,1.0,0.9337853107344632,26.21530227976512,21.213203435596427,False,10.0,True,7.589334615247618,0.21858027577400208
L24,6,293,328,0.25,0.5,38,False,pm3,0.01,1000.0,293.0,4051.0,1.0,0.9325506445672191,26.76847835760961,21.0,293.0,4132.0,1.0,0.9337853107344632,26.21530227976512,21.213203435596427,False,10.0,True,7.589334615247618,0.2595055401325226
L24,6,293,328,0.25,0.5,38,False,pm3,0.001,1000.0,293.0,3971.0,1.0,0.9312851782363978,26.790653518447353,21.0,293.0,4097.0,1.0,0.933257403189066,26.51071344417043,21.213203435596427,False,10.0,True,7.589334615247618,0.3153212368488312
L24,6,293,328,0.25,0.5,38,False,partial_r,0.05,1000.0,293.0,2556.0,1.0,0.8971568971568972,25.231552331917396,18.973665961010276,293.0,3816.0,1.0,0.9286931126794841,26.701114523481337,21.0,False,10.0,True,7.127467790526514,0.15744435787200928
L24,6,293,328,0.25,0.5,38,False,partial_r,0.01,1000.0,292.0,2113.0,0.9965870307167235,0.8785862785862786,24.378384238004813,18.0,293.0,3471.0,1.0,0.9221572794899043,26.335916291746553,20.12461179749811,False,10.0,True,7.127467790526514,0.1809864491224289
L24,6,293,328,0.25,0.5,38,False,partial_r,0.001,1000.0,288.0,1444.0,0.9829351535836177,0.8337182448036952,23.267957290430495,15.588457268119896,293.0,2726.0,1.0,0.902947996025174,25.332414812601126,19.209372712298546,False,10.0,True,7.127467790526514,0.24177096784114838
L24,6,293,328,0.25,0.5,38,False,ridge,0.05,1000.0,66.0,185.0,0.22525597269624573,0.7370517928286853,26.859878057560994,29.086079144497972,240.0,870.0,0.8191126279863481,0.7837837837837838,23.329979525998127,19.325797403761065,False,4.0,False,62.52124192792309,0.007160627926220214
L24,6,293,328,0.25,0.5,38,False,ridge,0.01,1000.0,53.0,99.0,0.18088737201365188,0.6513157894736842,28.95910486814759,36.124783736376884,198.0,437.0,0.6757679180887372,0.6881889763779527,21.096260202907217,18.973665961010276,False,3.0,False,62.52124192792309,0.00847304894008235
L24,6,293,328,0.25,0.5,38,False,ridge,0.001,1000.0,0.0,0.0,0.0,,,,112.0,263.0,0.3822525597269625,0.7013333333333334,27.128533641252588,27.820855486487112,False,0.0,False,62.52124192792309,0.012011550100134076
L24,6,293,328,0.5,1.0,17,False,pm3,0.05,1000.0,293.0,4132.0,1.0,0.9337853107344632,26.21530227976512,21.213203435596427,293.0,4132.0,1.0,0.9337853107344632,26.21530227976512,21.213203435596427,False,10.0,False,54.184708315970575,0.32085561752319336
L24,6,293,328,0.5,1.0,17,False,pm3,0.01,1000.0,293.0,4132.0,1.0,0.9337853107344632,26.21530227976512,21.213203435596427,293.0,4132.0,1.0,0.9337853107344632,26.21530227976512,21.213203435596427,False,10.0,False,54.184708315970575,0.3853294551372528
L24,6,293,328,0.5,1.0,17,False,pm3,0.001,1000.0,293.0,4113.0,1.0,0.933499773036768,26.204567217803337,21.213203435596427,293.0,4131.0,1.0,0.9337703435804702,26.21405923623416,21.213203435596427,False,10.0,False,54.184708315970575,0.49268490076065063
L24,6,293,328,0.5,1.0,17,False,partial_r,0.05,1000.0,0.0,6.0,0.0,1.0,22.123542816541445,30.09167741554319,122.0,415.0,0.41638225255972694,0.7728119180633147,19.79839534918403,13.74772708486752,False,3.0,False,54.184708315970575,0.15798240900039673
L24,6,293,328,0.5,1.0,17,False,partial_r,0.01,1000.0,0.0,3.0,0.0,1.0,31.404034526117506,38.41874542459709,30.0,104.0,0.10238907849829351,0.7761194029850746,17.45355007051857,11.797144518587402,False,2.0,False,54.184708315970575,0.17828336358070374
L24,6,293,328,0.5,1.0,17,False,partial_r,0.001,1000.0,0.0,1.0,0.0,1.0,54.184708315970575,40.13726448077895,3.0,18.0,0.010238907849829351,0.8571428571428571,13.004808506332683,10.816653826391969,False,1.0,False,54.184708315970575,0.1957348883152008
L24,6,293,328,0.5,1.0,17,False,ridge,0.05,1000.0,0.0,85.0,0.0,1.0,26.32812700863023,24.372115213907882,231.0,821.0,0.78839590443686,0.7804182509505704,19.983774321573858,16.15549442140351,False,6.0,False,28.844714946100197,0.002854795239049573
L24,6,293,328,0.5,1.0,17,False,ridge,0.01,1000.0,0.0,25.0,0.0,1.0,25.24595570824118,8.48528137423857,89.0,367.0,0.3037542662116041,0.8048245614035088,29.187747289787357,16.97056274847714,False,4.0,False,28.844714946100197,0.0038648275588729145
L24,6,293,328,0.5,1.0,17,False,ridge,0.001,1000.0,0.0,0.0,0.0,,,,1.0,159.0,0.0034129692832764505,0.99375,38.15379489819904,19.209372712298546,False,0.0,False,28.844714946100197,0.005131056594752803
L24,6,293,328,0.5,0.5,9,False,pm3,0.05,1000.0,293.0,4087.0,1.0,0.9331050228310502,26.19542940549208,21.213203435596427,293.0,4132.0,1.0,0.9337853107344632,26.21530227976512,21.213203435596427,False,10.0,False,34.25965373479524,0.42526793479919434
L24,6,293,328,0.5,0.5,9,False,pm3,0.01,1000.0,293.0,3789.0,1.0,0.9282214600685939,25.910489665859124,21.0,293.0,4125.0,1.0,0.9336803983703033,26.210490813993808,21.213203435596427,False,10.0,False,34.25965373479524,0.5752961039543152
L24,6,293,328,0.5,0.5,9,False,pm3,0.001,1000.0,240.0,2632.0,0.8191126279863481,0.9164345403899722,25.37297532271617,21.0,293.0,3819.0,1.0,0.9287451361867705,26.074905003857985,21.0,False,10.0,False,34.25965373479524,0.7247602939605713
L24,6,293,328,0.5,0.5,9,False,partial_r,0.05,1000.0,0.0,0.0,0.0,,,,14.0,138.0,0.04778156996587031,0.9078947368421053,23.106532773113255,25.009836192388242,False,0.0,False,43.71174763174171,0.1510305404663086
L24,6,293,328,0.5,0.5,9,False,partial_r,0.01,1000.0,0.0,0.0,0.0,,,,0.0,10.0,0.0,1.0,19.110359286785478,26.1170439617205,False,0.0,False,43.71174763174171,0.1822604089975357
L24,6,293,328,0.5,0.5,9,False,partial_r,0.001,1000.0,0.0,0.0,0.0,,,,0.0,1.0,0.0,1.0,43.71174763174171,27.65863337187866,False,0.0,False,43.71174763174171,0.20520204305648804
L24,6,293,328,0.5,0.5,9,False,ridge,0.05,1000.0,0.0,0.0,0.0,,,,64.0,645.0,0.21843003412969283,0.9097320169252469,28.69088352024165,21.840329667841555,False,0.0,False,61.511469962643005,0.0024108431206954902
L24,6,293,328,0.5,0.5,9,False,ridge,0.01,1000.0,0.0,0.0,0.0,,,,1.0,221.0,0.0034129692832764505,0.9954954954954955,35.58915263044052,27.0,False,0.0,False,61.511469962643005,0.002994395386040803
L24,6,293,328,0.5,0.5,9,False,ridge,0.001,1000.0,0.0,0.0,0.0,,,,0.0,22.0,0.0,1.0,57.85082534886531,39.627541342122534,False,0.0,False,61.511469962643005,0.004566139262311466
L24,6,293,328,0.75,1.0,0,True,,,,,,,,,,,,,,,,,,,,
L24,6,293,328,0.75,0.5,0,True,,,,,,,,,,,,,,,,,,,,
