statistic,alpha,probability,threshold,analyses,anything_significant,region_detected,mean_sensitivity,mean_share_outside,median_centroid_shift_mm,mean_voxels_outside,top_region_correct,peak_in_region
partial_r,0.001,0.5,fwe,23,0.6956521739130435,0.6956521739130435,0.4689043384923244,0.5236862899768401,14.24800152577633,587.9130434782609,0.5217391304347826,0.5652173913043478
partial_r,0.001,0.5,voxel,23,0.782608695652174,0.7391304347826086,0.5377997854305733,0.6171750227990606,15.805354033418663,1018.0,,0.5652173913043478
partial_r,0.001,1.0,fwe,23,0.782608695652174,0.7391304347826086,0.5658999953976498,0.6745800943270033,17.16918394059993,1081.0869565217392,0.4782608695652174,0.6521739130434783
partial_r,0.001,1.0,voxel,23,0.782608695652174,0.782608695652174,0.5960834873027996,0.7239667235330074,19.451237528617206,1693.1304347826087,,0.6521739130434783
partial_r,0.01,0.5,fwe,23,0.7391304347826086,0.7391304347826086,0.49507318078945056,0.541413522119648,15.117801777237181,741.0434782608696,0.5652173913043478,0.5652173913043478
partial_r,0.01,0.5,voxel,23,0.8260869565217391,0.782608695652174,0.5770723286871134,0.6810190293209547,18.70929262477295,1458.608695652174,,0.5652173913043478
partial_r,0.01,1.0,fwe,23,0.782608695652174,0.7391304347826086,0.5804374796996935,0.7049342941815868,18.503074183643065,1357.608695652174,0.43478260869565216,0.6521739130434783
partial_r,0.01,1.0,voxel,23,0.8260869565217391,0.782608695652174,0.6061027761633021,0.7545011293751621,20.046597654745334,1929.6521739130435,,0.6521739130434783
partial_r,0.05,0.5,fwe,23,0.7391304347826086,0.7391304347826086,0.5274281949314809,0.5793094401318536,15.29038044877234,925.0,0.5217391304347826,0.5652173913043478
partial_r,0.05,0.5,voxel,23,0.8260869565217391,0.8260869565217391,0.6010007401031908,0.7537086339813702,19.78268660381148,1780.8260869565217,,0.5652173913043478
partial_r,0.05,1.0,fwe,23,0.782608695652174,0.7391304347826086,0.5929614616133584,0.724499219375796,19.861590225072966,1593.1739130434783,0.43478260869565216,0.6521739130434783
partial_r,0.05,1.0,voxel,23,0.8260869565217391,0.782608695652174,0.625054546044531,0.7778659243878343,21.578977160696347,2007.3478260869565,,0.6521739130434783
pm3,0.001,0.5,fwe,23,1.0,0.9565217391304348,0.7751644243498287,0.8598920600018125,21.787468292694502,2488.913043478261,0.21739130434782608,0.5652173913043478
pm3,0.001,0.5,voxel,23,1.0,1.0,0.8904703170465195,0.8736611481253889,22.487460221130135,3148.2608695652175,,0.5652173913043478
pm3,0.001,1.0,fwe,23,1.0,1.0,0.9578679339858401,0.8754210434124938,22.487460221130135,3558.0,0.17391304347826086,0.6086956521739131
pm3,0.001,1.0,voxel,23,1.0,1.0,0.9858287451896631,0.881424592848708,22.487460221130135,3748.217391304348,,0.6086956521739131
pm3,0.01,0.5,fwe,23,1.0,1.0,0.8827186251290016,0.8721764676841902,22.403833874385665,3062.0434782608695,0.13043478260869565,0.5652173913043478
pm3,0.01,0.5,voxel,23,1.0,1.0,0.9639967648173086,0.8832038862906582,22.487460221130135,3654.5652173913045,,0.5652173913043478
pm3,0.01,1.0,fwe,23,1.0,1.0,0.9890840985685844,0.8814608963419722,22.487460221130135,3756.0,0.13043478260869565,0.6086956521739131
pm3,0.01,1.0,voxel,23,1.0,1.0,0.9986599089808396,0.8842835613985693,22.487460221130135,3868.695652173913,,0.6086956521739131
pm3,0.05,0.5,fwe,23,1.0,1.0,0.951040811831148,0.881142414211373,22.487460221130135,3506.478260869565,0.13043478260869565,0.5652173913043478
pm3,0.05,0.5,voxel,23,1.0,1.0,0.9917283660704286,0.8845676400766898,22.487460221130135,3849.478260869565,,0.5652173913043478
pm3,0.05,1.0,fwe,23,1.0,1.0,0.9935188984050464,0.8840015045975784,22.487460221130135,3839.8260869565215,0.13043478260869565,0.6086956521739131
pm3,0.05,1.0,voxel,23,1.0,1.0,0.9998531139835487,0.8848668745538337,22.487460221130135,3901.1739130434785,,0.6086956521739131
ridge,0.001,0.5,fwe,23,0.34782608695652173,0.34782608695652173,0.04566610875247876,0.1543517049960349,13.878321514072981,3.391304347826087,0.34782608695652173,0.6521739130434783
ridge,0.001,0.5,voxel,23,0.782608695652174,0.6956521739130435,0.20985767023703583,0.4365986352425605,11.163473044845237,96.17391304347827,,0.6521739130434783
ridge,0.001,1.0,fwe,23,0.30434782608695654,0.30434782608695654,0.04411282911936969,0.24047619047619045,13.878321514072981,4.391304347826087,0.2608695652173913,0.6956521739130435
ridge,0.001,1.0,voxel,23,0.782608695652174,0.782608695652174,0.1938323074573939,0.31866542122376523,8.19793554559544,38.0,,0.6956521739130435
ridge,0.01,0.5,fwe,23,0.6086956521739131,0.6086956521739131,0.09117745048905039,0.3035045659952847,10.801990259992092,23.434782608695652,0.4782608695652174,0.6521739130434783
ridge,0.01,0.5,voxel,23,0.8695652173913043,0.8260869565217391,0.34684277651653145,0.5997945770663363,14.758588201156783,261.7826086956522,,0.6521739130434783
ridge,0.01,1.0,fwe,23,0.6521739130434783,0.6086956521739131,0.11221670211257635,0.22013440409667542,9.971095423326965,8.91304347826087,0.5652173913043478,0.6956521739130435
ridge,0.01,1.0,voxel,23,1.0,0.9565217391304348,0.3339224991196602,0.4534695734726736,10.763829749884769,124.82608695652173,,0.6956521739130435
ridge,0.05,0.5,fwe,23,0.6956521739130435,0.6956521739130435,0.17476880478085946,0.27674388941745254,10.984346230016016,55.91304347826087,0.6521739130434783,0.6521739130434783
ridge,0.05,0.5,voxel,23,0.9130434782608695,0.8695652173913043,0.4792735959531146,0.7115480832886634,17.566391492513016,581.4782608695652,,0.6521739130434783
ridge,0.05,1.0,fwe,23,0.782608695652174,0.7391304347826086,0.15803943047030347,0.2803410118666765,9.95507263324344,23.47826086956522,0.6521739130434783,0.6956521739130435
ridge,0.05,1.0,voxel,23,1.0,0.9565217391304348,0.4912021527091838,0.5843722576052314,16.578810234709103,342.69565217391306,,0.6956521739130435
